1266894648	20251005111500	20251005111500	1	nme.com	https://www.nme.com/news/music/listen-to-fred-again-s-high-octane-new-single-youre-a-star-with-amyl-the-sniffers-from-new-usb-series-3897228	5	-1	1455	1495	1	50	3101	1.43884892086331		
1202295627	20241005024500	20251005111500	1	nme.com	https://www.nme.com/news/music/listen-to-fred-again-s-high-octane-new-single-youre-a-star-with-amyl-the-sniffers-from-new-usb-series-3897228	5	-1	1455	1543	1	50	3101	1.43884892086331		
1266894649	20251005111500	20251005111500	1	nme.com	https://www.nme.com/news/music/listen-to-fred-again-s-high-octane-new-single-youre-a-star-with-amyl-the-sniffers-from-new-usb-series-3897228	5	1470	-1	1568	0	20	3101	1.43884892086331		
1266894650	20251005111500	20251005111500	1	afr.com	https://www.afr.com/property/commercial/the-us-rentals-giant-with-a-plan-for-10-000-student-beds-20251003-p5mzwa	2	292	412	337	0	20	385	7.69230769230769		
1266894651	20251005111500	20251005111500	1	afr.com	https://www.afr.com/property/commercial/the-us-rentals-giant-with-a-plan-for-10-000-student-beds-20251003-p5mzwa	2	292	393	321	1	50	385	7.69230769230769		
1261457760	20250905083000	20251005111500	1	al-monitor.com	https://www.al-monitor.com/originals/2025/10/eight-arrested-20-police-hurt-clashes-spanish-palestine-march	5	1013	945	1046	0	20	1101	-6.62983425414365		
1265605118	20250928000000	20251005111500	1	manchestereveningnews.co.uk	https://www.manchestereveningnews.co.uk/news/tv/strictly-come-dancing-fans-cant-32613789	3	836	-1	856	0	20	3369	0.17513134851139		
1266894652	20251005111500	20251005111500	1	postandcourier.com	https://www.postandcourier.com/opinion/commentary/usc-antisemitism-hamas-attacks/article_bff13f63-3bec-472e-8c9e-0b8b848d8fcd.html	7	2624	2823	2802	0	10	4181	-7.02290076335878		
1266894653	20251005111500	20251005111500	1	postandcourier.com	https://www.postandcourier.com/opinion/commentary/usc-antisemitism-hamas-attacks/article_bff13f63-3bec-472e-8c9e-0b8b848d8fcd.html	7	2739	2761	2749	1	30	4181	-7.02290076335878		
1266885472	20251005093000	20251005111500	1	indiatimes.com	https://economictimes.indiatimes.com/news/international/world-news/putin-says-tomahawk-supply-to-ukraine-would-destroy-u-s-relations/articleshow/124318673.cms	7	1361	1436	1428	1	80	3085	-3.50194552529182		
1266885473	20251005093000	20251005111500	1	indiatimes.com	https://economictimes.indiatimes.com/news/international/world-news/putin-says-tomahawk-supply-to-ukraine-would-destroy-u-s-relations/articleshow/124318673.cms	7	1361	1436	1428	0	10	3085	-3.50194552529182		
1266894654	20251005111500	20251005111500	1	indiatimes.com	https://economictimes.indiatimes.com/news/international/world-news/putin-says-tomahawk-supply-to-ukraine-would-destroy-u-s-relations/articleshow/124318673.cms	7	1361	1436	1428	0	10	3085	-3.50194552529182		
1266894655	20251005111500	20251005111500	1	postandcourier.com	https://www.postandcourier.com/opinion/commentary/usc-antisemitism-hamas-attacks/article_bff13f63-3bec-472e-8c9e-0b8b848d8fcd.html	7	2804	2837	2816	0	20	4181	-7.02290076335878		
1266894656	20251005111500	20251005111500	1	hurriyetdailynews.com	https://www.hurriyetdailynews.com/ukraine-says-russian-strikes-kill-one-214328	10	-1	1228	1245	1	20	1514	-6.12244897959183		
1266721698	20251004000000	20251005111500	1	hurriyetdailynews.com	https://www.hurriyetdailynews.com/ukraine-says-russian-strikes-kill-one-214328	10	-1	1228	1245	0	10	1514	-6.12244897959183		
1266894657	20251005111500	20251005111500	1	hurriyetdailynews.com	https://www.hurriyetdailynews.com/ukraine-says-russian-strikes-kill-one-214328	10	1195	1223	1240	0	10	1514	-6.12244897959183		
1266894658	20251005111500	20251005111500	1	hurriyetdailynews.com	https://www.hurriyetdailynews.com/ukraine-says-russian-strikes-kill-one-214328	10	1211	1239	1256	0	10	1514	-6.12244897959183		
1266873599	20251005070000	20251005111500	1	pajhwok.com	https://pajhwok.com/2025/10/05/kyrgyzstan-sends-130-tonnes-aid-to-quake-hit-afghans/	3	-1	323	298	1	30	1346	5.71428571428572		
1266894659	20251005111500	20251005111500	1	nme.com	https://www.nme.com/news/music/listen-to-fred-again-s-high-octane-new-single-youre-a-star-with-amyl-the-sniffers-from-new-usb-series-3897228	6	-1	1693	1636	0	20	3101	1.43884892086331		
1266894660	20251005111500	20251005111500	1	manchestereveningnews.co.uk	https://www.manchestereveningnews.co.uk/news/tv/strictly-come-dancing-fans-cant-32613789	8	-1	2111	2100	0	20	3369	0.17513134851139		
1266886895	20251005094500	20251005111500	1	thenationonlineng.net	https://thenationonlineng.net/high-point-of-nigerias-participation-at-unga-80-2/	18	-1	4757	4746	0	10	7475	1.64075993091537		
1266894661	20251005111500	20251005111500	1	theglobeandmail.com	https://www.theglobeandmail.com/opinion/letters/article-give-doug-ford-ticket-for-moving-too-fast-on-banning-speed-cameras/	12	-1	3575	3626	0	40	7835	-1.30568356374808		
1266894662	20251005111500	20251005111500	1	theglobeandmail.com	https://www.theglobeandmail.com/opinion/letters/article-give-doug-ford-ticket-for-moving-too-fast-on-banning-speed-cameras/	4	-1	1249	1362	1	30	7835	-1.30568356374808		
1266844983	20251005000000	20251005111500	1	scmp.com	https://www.scmp.com/news/hong-kong/politics/article/3327924/legco-delegations-shun-west-4-years-first-hong-kong-handover	4	-1	1070	1046	1	100	1138	-1.52284263959391		
1266892043	20251005104500	20251005111500	1	zimbabwestar.com	http://www.zimbabwestar.com/news/278618431/eight-months-on-goma-airport-remains-closed-amid-dr-congo-grinding-conflict	4	-1	1704	1752	1	50	3840	-11.2745098039216		
1266848502	20251005003000	20251005111500	1	wirralglobe.co.uk	https://www.wirralglobe.co.uk/news/national/25518391.hate-crime-fire-mosque-seaside-town-condemned-disgusting/	5	-1	652	633	1	100	2016	-4.55840455840456		
1266848502	20251005003000	20251005111500	1	wharfedaleobserver.co.uk	https://www.wharfedaleobserver.co.uk/news/national/25518391.hate-crime-fire-mosque-seaside-town-condemned-disgusting/	5	-1	652	633	1	100	2016	-4.55840455840456		
1266848502	20251005003000	20251005111500	1	stalbansreview.co.uk	https://www.stalbansreview.co.uk/news/national/25518391.hate-crime-fire-mosque-seaside-town-condemned-disgusting/	5	-1	679	660	1	100	2016	-4.50704225352113		
1266848502	20251005003000	20251005111500	1	thurrockgazette.co.uk	https://www.thurrockgazette.co.uk/news/national/25518391.hate-crime-fire-mosque-seaside-town-condemned-disgusting/	5	-1	652	633	1	100	2016	-4.55840455840456		
1266894663	20251005111500	20251005111500	1	indianexpress.com	https://indianexpress.com/article/india/bihar-assembly-polls-date-november-22-election-commission-10289182/	10	-1	4352	4302	1	50	4448	1.03092783505155		
1266845079	20251005000000	20251005111500	1	bayshorebroadcasting.ca	https://www.bayshorebroadcasting.ca/2025/10/05/bruce-power-donates-150k-to-upcoming-ipm/	5	-1	896	982	1	100	1186	4.66321243523316		
1266870310	20251005061500	20251005111500	1	dominicanrepublicpost.com	https://dominicanrepublicpost.com/at-least-47-killed-in-nepal-as-heavy-rains-trigger-landslides-flash-floods/	10	-1	2537	2514	1	100	3511	-6.89013035381751		
1266894664	20251005111500	20251005111500	1	wirralglobe.co.uk	https://www.wirralglobe.co.uk/news/national/25518356.mahmood-dark-forces-running-amok-synagogue-attack-raises-wider-questions/	7	-1	961	1027	0	20	5842	-4.68909276248726		
1266894664	20251005111500	20251005111500	1	stalbansreview.co.uk	https://www.stalbansreview.co.uk/news/national/25518356.mahmood-dark-forces-running-amok-synagogue-attack-raises-wider-questions/	7	-1	961	1027	0	20	5842	-4.68909276248726		
1266894664	20251005111500	20251005111500	1	thurrockgazette.co.uk	https://www.thurrockgazette.co.uk/news/national/25518356.mahmood-dark-forces-running-amok-synagogue-attack-raises-wider-questions/	7	-1	961	1027	0	20	5842	-4.68909276248726		
1266894664	20251005111500	20251005111500	1	wharfedaleobserver.co.uk	https://www.wharfedaleobserver.co.uk/news/national/25518356.mahmood-dark-forces-running-amok-synagogue-attack-raises-wider-questions/	7	-1	961	1027	0	20	5842	-4.68909276248726		
1266894665	20251005111500	20251005111500	1	stalbansreview.co.uk	https://www.stalbansreview.co.uk/news/national/25518356.mahmood-dark-forces-running-amok-synagogue-attack-raises-wider-questions/	7	-1	961	1027	1	60	5842	-4.68909276248726		
1266894665	20251005111500	20251005111500	1	wharfedaleobserver.co.uk	https://www.wharfedaleobserver.co.uk/news/national/25518356.mahmood-dark-forces-running-amok-synagogue-attack-raises-wider-questions/	7	-1	961	1027	1	60	5842	-4.68909276248726		
1266894665	20251005111500	20251005111500	1	thurrockgazette.co.uk	https://www.thurrockgazette.co.uk/news/national/25518356.mahmood-dark-forces-running-amok-synagogue-attack-raises-wider-questions/	7	-1	961	1027	1	60	5842	-4.68909276248726		
1266894665	20251005111500	20251005111500	1	wirralglobe.co.uk	https://www.wirralglobe.co.uk/news/national/25518356.mahmood-dark-forces-running-amok-synagogue-attack-raises-wider-questions/	7	-1	961	1027	1	60	5842	-4.68909276248726		
1266894666	20251005111500	20251005111500	1	wirralglobe.co.uk	https://www.wirralglobe.co.uk/news/national/25518356.mahmood-dark-forces-running-amok-synagogue-attack-raises-wider-questions/	7	-1	961	1027	0	20	5842	-4.68909276248726		
1266894666	20251005111500	20251005111500	1	stalbansreview.co.uk	https://www.stalbansreview.co.uk/news/national/25518356.mahmood-dark-forces-running-amok-synagogue-attack-raises-wider-questions/	7	-1	961	1027	0	20	5842	-4.68909276248726		
1266894666	20251005111500	20251005111500	1	wharfedaleobserver.co.uk	https://www.wharfedaleobserver.co.uk/news/national/25518356.mahmood-dark-forces-running-amok-synagogue-attack-raises-wider-questions/	7	-1	961	1027	0	20	5842	-4.68909276248726		
1266894666	20251005111500	20251005111500	1	thurrockgazette.co.uk	https://www.thurrockgazette.co.uk/news/national/25518356.mahmood-dark-forces-running-amok-synagogue-attack-raises-wider-questions/	7	-1	961	1027	0	20	5842	-4.68909276248726		
1266848295	20251005003000	20251005111500	1	sanfordherald.com	https://www.sanfordherald.com/news/national/negotiators-due-in-cairo-for-gaza-ceasefire-hostage-release-talks/article_170fd171-949f-5fa6-81c3-2d81898f9d32.html	20	-1	3315	3308	1	50	4558	-5.37634408602151		
1266848562	20251005003000	20251005111500	1	tvguide.co.uk	https://www.tvguide.co.uk/schedule/c830cf25-e50e-55a8-970b-0ab98a876e1a/the-great-british-bake-off	2	-1	535	526	1	100	825	0.729927007299271		
1266894667	20251005111500	20251005111500	1	thestatesman.com	https://www.thestatesman.com/india/tedx-dikshant-inspires-young-minds-with-ideas-worth-spreading-1503495176.html	1	-1	78	98	1	100	3429	5.53435114503817		
1266894668	20251005111500	20251005111500	1	mirror.co.uk	https://www.mirror.co.uk/tv/tv-news/5-shows-lincoln-lawyer-fans-36016465	5	-1	2344	2468	0	40	4100	0.1497005988024		
1266894669	20251005111500	20251005111500	1	businessinsider.com	https://www.businessinsider.com/homeschooled-student-loans-college-pros-cons-successful-2025-9	4	-1	1205	1387	1	60	5128	-1.07398568019093		
1266894670	20251005111500	20251005111500	1	businessinsider.com	https://www.businessinsider.com/homeschooled-student-loans-college-pros-cons-successful-2025-9	4	-1	1205	1387	0	40	5128	-1.07398568019093		
1266847826	20251005000000	20251005111500	1	mirror.co.uk	https://www.mirror.co.uk/tv/tv-news/5-shows-lincoln-lawyer-fans-36016465	5	-1	2344	2468	1	60	4100	0.1497005988024		
1266847940	20251005000000	20251005111500	1	hindustantimes.com	https://www.hindustantimes.com/entertainment/tamil-cinema/rajinikanth-takes-a-spiritual-break-in-rishikesh-eats-food-from-pattal-on-a-roadside-see-pics-101759656357316.html	3	-1	807	813	1	50	1926	8.38509316770186		
1266873903	20251005070000	20251005111500	1	yakimaherald.com	https://www.yakimaherald.com/news/nation_and_world/world/vivienne-westwood-brings-beauty-from-chaos-and-dying-sunflowers-in-paris/article_d75f925f-198b-54f5-b5ea-3ab70a90c5d9.html	2	-1	860	847	0	20	2787	-4.48430493273543		
1266869510	20251005060000	20251005111500	1	dailymail.co.uk	https://www.dailymail.co.uk/femail/article-15158355/I-escaped-country-regretted-life-dull-Hackney-hipster-bought-2m-cottage-hope-joining-Surrey-elite-soon-realised-food-bland-people-boring-theres-do.html	11	-1	3710	3625	1	100	6995	-1.67197452229299		
1266894671	20251005111500	20251005111500	1	cambrian-news.co.uk	https://www.cambrian-news.co.uk/news/gwynedd-council-parenting-podcast-highlights-importance-of-childrens-sleep-837838	2	-1	492	478	1	100	448	1.28205128205128		
1266894672	20251005111500	20251005111500	1	kentonline.co.uk	https://www.kentonline.co.uk/news/national/every-tory-candidate-must-back-leaving-echr-says-badenoch-156127/	2	-1	411	301	1	70	3207	-1.28676470588235		
1266894673	20251005111500	20251005111500	1	walesonline.co.uk	https://www.walesonline.co.uk/news/wales-news/american-tiktok-star-visits-north-32613770	2	-1	416	394	1	100	1194	3.16742081447964		
1266846805	20251005001500	20251005111500	1	dailymail.co.uk	https://www.dailymail.co.uk/femail/article-15158355/I-escaped-country-regretted-life-dull-Hackney-hipster-bought-2m-cottage-hope-joining-Surrey-elite-soon-realised-food-bland-people-boring-theres-do.html	11	-1	-1	-1	0	20	6995	-1.67197452229299		
1266846805	20251005001500	20251005111500	1	businessinsider.com	https://www.businessinsider.com/quiet-quitting-made-my-work-burnout-worse-2025-10	4	-1	657	603	1	100	4086	-3.29218106995884		
1266894674	20251005111500	20251005111500	1	dailymail.co.uk	https://www.dailymail.co.uk/femail/article-15158355/I-escaped-country-regretted-life-dull-Hackney-hipster-bought-2m-cottage-hope-joining-Surrey-elite-soon-realised-food-bland-people-boring-theres-do.html	12	-1	-1	3776	0	10	6995	-1.67197452229299		
1266894675	20251005111500	20251005111500	1	irishexaminer.com	https://www.irishexaminer.com/farming/arid-41717601.html	17	-1	5423	5403	1	100	6466	0.59726962457338		
1266894676	20251005111500	20251005111500	1	dailymail.co.uk	https://www.dailymail.co.uk/femail/article-15158355/I-escaped-country-regretted-life-dull-Hackney-hipster-bought-2m-cottage-hope-joining-Surrey-elite-soon-realised-food-bland-people-boring-theres-do.html	11	-1	3765	3668	0	60	6995	-1.67197452229299		
1266894677	20251005111500	20251005111500	1	dailymail.co.uk	https://www.dailymail.co.uk/femail/article-15158355/I-escaped-country-regretted-life-dull-Hackney-hipster-bought-2m-cottage-hope-joining-Surrey-elite-soon-realised-food-bland-people-boring-theres-do.html	12	-1	3873	3776	0	50	6995	-1.67197452229299		
1266894678	20251005111500	20251005111500	1	irishexaminer.com	https://www.irishexaminer.com/farming/arid-41717601.html	10	-1	2727	2707	0	40	6466	0.59726962457338		
1266894679	20251005111500	20251005111500	1	irishexaminer.com	https://www.irishexaminer.com/farming/arid-41717601.html	10	-1	2727	2707	1	60	6466	0.59726962457338		
1266867002	20251005051500	20251005111500	1	cambrian-news.co.uk	https://www.cambrian-news.co.uk/news/gwynedd-council-parenting-podcast-highlights-importance-of-childrens-sleep-837838	2	-1	427	370	1	100	448	1.28205128205128		
1266894680	20251005111500	20251005111500	1	nme.com	https://www.nme.com/news/music/listen-to-fred-again-s-high-octane-new-single-youre-a-star-with-amyl-the-sniffers-from-new-usb-series-3897228	5	-1	1455	1495	1	30	3101	1.43884892086331		
1266844711	20251005000000	20251005111500	1	eastlondonadvertiser.co.uk	https://www.eastlondonadvertiser.co.uk/news/25518439.met-police-arrest-hundreds-london-palestine-action-support/	17	-1	3561	3595	0	10	4619	-4.04858299595141		
1266894681	20251005111500	20251005111500	1	independent.co.uk	https://www.independent.co.uk/news/world/americas/us-politics/noem-pritzker-bathroom-ice-illinois-b2839436.html	16	-1	3275	3285	1	100	3484	-4.76190476190476		
1266889383	20251005101500	20251005111500	1	wirralglobe.co.uk	https://www.wirralglobe.co.uk/news/national/25518250.police-given-greater-powers-restrict-protests/	21	-1	3922	3908	1	100	3985	-4.99194847020934		
1266889383	20251005101500	20251005111500	1	thurrockgazette.co.uk	https://www.thurrockgazette.co.uk/news/national/25518250.police-given-greater-powers-restrict-protests/	21	-1	3922	3908	1	100	3985	-4.99194847020934		
1266889383	20251005101500	20251005111500	1	wharfedaleobserver.co.uk	https://www.wharfedaleobserver.co.uk/news/national/25518250.police-given-greater-powers-restrict-protests/	21	-1	3922	3908	1	100	3985	-4.99194847020934		
1266889383	20251005101500	20251005111500	1	stalbansreview.co.uk	https://www.stalbansreview.co.uk/news/national/25518250.police-given-greater-powers-restrict-protests/	21	-1	3922	3908	1	100	3985	-4.99194847020934		
1266894682	20251005111500	20251005111500	1	thestatesman.com	https://www.thestatesman.com/india/west-bengal-floods-mamata-banerjee-assures-relief-efforts-amidst-heavy-rains-1503495173.html	9	-1	1802	1860	1	100	2943	-4.79302832244009		
1266852150	20251005004500	20251005111500	1	standard.co.uk	https://www.standard.co.uk/news/uk/foundation-king-windsor-castle-british-prince-of-wales-b1251299.html	1	-1	0	5	1	100	230	6.38297872340423		
1266844723	20251005000000	20251005111500	1	wtov9.com	https://wtov9.com/news/local/rayland-fire-department-hosts-inaugural-barktober-fest-at-new-dog-park	1	-1	8	24	1	60	749	5.03597122302158		
1266894683	20251005111500	20251005111500	1	kentonline.co.uk	https://www.kentonline.co.uk/news/national/home-secretary-disappointed-at-collapse-of-chinese-spying-case-156125/	12	-1	2354	2376	1	30	3599	-6.97278911564626		
1266894684	20251005111500	20251005111500	1	thestatesman.com	https://www.thestatesman.com/india/karur-tragedy-sit-commences-investigation-posters-appear-in-support-of-vijay-1503495133.html	11	-1	1888	1967	1	100	3012	-3.58565737051793		
1266844725	20251005000000	20251005111500	1	eastlondonadvertiser.co.uk	https://www.eastlondonadvertiser.co.uk/news/25518439.met-police-arrest-hundreds-london-palestine-action-support/	17	-1	3552	3592	1	30	4619	-4.04858299595141		
1266894685	20251005111500	20251005111500	1	independent.co.uk	https://www.independent.co.uk/news/world/americas/us-politics/noem-pritzker-bathroom-ice-illinois-b2839436.html	15	-1	3110	3133	1	30	3484	-4.76190476190476		
1266869536	20251005060000	20251005111500	1	thenationonlineng.net	https://thenationonlineng.net/high-point-of-nigerias-participation-at-unga-80-2/	20	-1	5467	5477	1	100	7475	1.64075993091537		
1266894686	20251005111500	20251005111500	1	thestatesman.com	https://www.thestatesman.com/india/west-bengal-floods-mamata-banerjee-assures-relief-efforts-amidst-heavy-rains-1503495173.html	12	-1	2203	2268	1	100	2943	-4.79302832244009		
1266891946	20251005104500	20251005111500	1	newsargus.com	https://www.newsargus.com/news/national/landslides-and-floods-kill-63-in-nepal-india/article_ad36a514-9f99-5eac-a78d-0c0f2bf806c1.html	8	-1	1440	1484	1	100	3095	-8.21052631578952		
1266891946	20251005104500	20251005111500	1	sanfordherald.com	https://www.sanfordherald.com/news/national/landslides-and-floods-kill-63-in-nepal-india/article_9aee20fa-c1f1-5628-b1a6-1678869c0a8c.html	8	-1	1440	1484	1	100	3095	-8.21052631578952		
1266883283	20251005090000	20251005111500	1	dominicanrepublicpost.com	https://dominicanrepublicpost.com/at-least-47-killed-in-nepal-as-heavy-rains-trigger-landslides-flash-floods/	6	-1	1036	1047	1	50	3511	-6.89013035381751		
1266891953	20251005104500	20251005111500	1	indiatimes.com	https://timesofindia.indiatimes.com/entertainment/hindi/bollywood/news/arhaan-khan-and-sohail-khan-reach-hospital-as-arbaaz-khan-and-sshura-khan-welcome-baby-girl-watch/articleshow/124319633.cms	2	-1	180	300	1	100	2516	5.80046403712297		
1266882238	20251005084500	20251005111500	1	indianexpress.com	https://indianexpress.com/article/india/bihar-assembly-polls-date-november-22-election-commission-10289182/	11	-1	4505	4469	1	10	4448	1.03092783505155		
1266846822	20251005001500	20251005111500	1	indianexpress.com	https://indianexpress.com/article/india/bihar-assembly-polls-date-november-22-election-commission-10289182/	6	-1	2994	2983	1	30	4448	1.03092783505155		
1266859830	20251005031500	20251005111500	1	indiatimes.com	https://economictimes.indiatimes.com/news/politics-and-nation/uddhav-thackeray-and-raj-thackeray-cousins-meet-again-amid-alliance-buzz/articleshow/124319635.cms	7	-1	1317	1260	1	10	2263	-1.34048257372655		
1266894687	20251005111500	20251005111500	1	indiatimes.com	https://economictimes.indiatimes.com/news/politics-and-nation/uddhav-thackeray-and-raj-thackeray-cousins-meet-again-amid-alliance-buzz/articleshow/124319635.cms	7	-1	1326	1260	0	10	2263	-1.34048257372655		
1266894688	20251005111500	20251005111500	1	indiatimes.com	https://economictimes.indiatimes.com/news/politics-and-nation/uddhav-thackeray-and-raj-thackeray-cousins-meet-again-amid-alliance-buzz/articleshow/124319635.cms	7	-1	1306	1260	0	10	2263	-1.34048257372655		
1266845548	20251005000000	20251005111500	1	sanfordherald.com	https://www.sanfordherald.com/news/national/negotiators-due-in-cairo-for-gaza-ceasefire-hostage-release-talks/article_170fd171-949f-5fa6-81c3-2d81898f9d32.html	15	-1	2667	2604	0	20	4558	-5.37634408602151		
1266846828	20251005001500	20251005111500	1	sanfordherald.com	https://www.sanfordherald.com/news/national/negotiators-due-in-cairo-for-gaza-ceasefire-hostage-release-talks/article_170fd171-949f-5fa6-81c3-2d81898f9d32.html	8	-1	1339	1313	0	40	4558	-5.37634408602151		
1266846828	20251005001500	20251005111500	1	hurriyetdailynews.com	https://www.hurriyetdailynews.com/hopes-rises-for-gaza-as-peace-talks-to-begin-in-egypt-214329	9	-1	1336	1310	0	40	2703	-2.16919739696312		
1266845554	20251005000000	20251005111500	1	hurriyetdailynews.com	https://www.hurriyetdailynews.com/hopes-rises-for-gaza-as-peace-talks-to-begin-in-egypt-214329	9	-1	1390	1347	0	40	2703	-2.16919739696312		
1266845554	20251005000000	20251005111500	1	sanfordherald.com	https://www.sanfordherald.com/news/national/negotiators-due-in-cairo-for-gaza-ceasefire-hostage-release-talks/article_170fd171-949f-5fa6-81c3-2d81898f9d32.html	8	-1	1393	1350	0	40	4558	-5.37634408602151		
1266845558	20251005000000	20251005111500	1	thestatesman.com	https://www.thestatesman.com/world/cautious-optimism-grips-both-gaza-and-israel-as-peace-deal-gains-traction-1503495117.html	4	-1	707	716	0	20	3192	-3.90946502057613		
1266845558	20251005000000	20251005111500	1	independent.co.uk	https://www.independent.co.uk/news/world/americas/hamas-israel-donald-trump-benjamin-netanyahu-palestinians-b2839465.html	4	-1	391	487	0	40	5473	-3.40909090909091		
1266848328	20251005003000	20251005111500	1	ksat.com	https://www.ksat.com/news/2025/10/05/uk-says-it-will-restrict-repeated-protests-after-500-arrests-at-pro-palestinian-vigil/	17	-1	2834	2807	0	40	3216	-7.6171875		
1266848328	20251005003000	20251005111500	1	rockymounttelegram.com	https://www.rockymounttelegram.com/news/world/uk-says-it-will-restrict-repeated-protests-after-500-arrests-at-pro-palestinian-vigil/article_c500d4ae-1427-519f-bad2-d5be71a19766.html	16	-1	2816	2789	0	40	3226	-7.58754863813227		
1266845571	20251005000000	20251005111500	1	sanfordherald.com	https://www.sanfordherald.com/news/national/negotiators-due-in-cairo-for-gaza-ceasefire-hostage-release-talks/article_170fd171-949f-5fa6-81c3-2d81898f9d32.html	15	-1	2667	2624	0	20	4558	-5.37634408602151		
1266891067	20251005103000	20251005111500	1	israelherald.com	http://www.israelherald.com/news/278618462/two-killed-amid-surge-in-israeli-arab-violence	2	-1	109	179	1	100	2254	-13.5211267605634		
1266844761	20251005000000	20251005111500	1	independent.co.uk	https://www.independent.co.uk/news/world/americas/hamas-israel-donald-trump-benjamin-netanyahu-palestinians-b2839465.html	4	-1	391	478	1	60	5473	-3.40909090909091		
1266844761	20251005000000	20251005111500	1	sanfordherald.com	https://www.sanfordherald.com/news/national/negotiators-due-in-cairo-for-gaza-ceasefire-hostage-release-talks/article_170fd171-949f-5fa6-81c3-2d81898f9d32.html	22	-1	3622	-1	0	20	4558	-5.37634408602151		
1266894689	20251005111500	20251005111500	1	manchestereveningnews.co.uk	https://www.manchestereveningnews.co.uk/news/tv/strictly-come-dancing-fans-cant-32613789	8	-1	2105	2100	1	60	3369	0.17513134851139		
1266894690	20251005111500	20251005111500	1	independent.co.uk	https://www.independent.co.uk/news/world/americas/us-politics/noem-pritzker-bathroom-ice-illinois-b2839436.html	7	-1	1455	1396	1	60	3484	-4.76190476190476		
1266894691	20251005111500	20251005111500	1	independent.co.uk	https://www.independent.co.uk/news/world/americas/us-politics/noem-pritzker-bathroom-ice-illinois-b2839436.html	7	-1	1455	1490	1	60	3484	-4.76190476190476		
1266894692	20251005111500	20251005111500	1	ammonnews.net	http://en.ammonnews.net/article/85328	1	-1	55	41	0	20	522	-2.85714285714286		
1266894693	20251005111500	20251005111500	1	thestatesman.com	https://www.thestatesman.com/world/pakistans-continued-neglect-deepens-balochistans-crisis-of-rights-identity-1503495096.html	5	-1	2054	2138	1	20	2170	0		
1266894694	20251005111500	20251005111500	1	leadership.ng	https://leadership.ng/wike-fubara-amaewhule-meet-rivers-elders-council/	7	-1	1155	1232	0	10	1497	-0.851063829787236		
1266894695	20251005111500	20251005111500	1	leadership.ng	https://leadership.ng/wike-fubara-amaewhule-meet-rivers-elders-council/	7	-1	1155	1232	1	30	1497	-0.851063829787236		
1266894696	20251005111500	20251005111500	1	leadership.ng	https://leadership.ng/wike-fubara-amaewhule-meet-rivers-elders-council/	7	-1	1155	1232	0	10	1497	-0.851063829787236		
1266894697	20251005111500	20251005111500	1	thestatesman.com	https://www.thestatesman.com/world/pakistans-continued-neglect-deepens-balochistans-crisis-of-rights-identity-1503495096.html	5	-1	2054	2049	1	20	2170	0		
1266894698	20251005111500	20251005111500	1	leadership.ng	https://leadership.ng/wike-fubara-amaewhule-meet-rivers-elders-council/	7	-1	1196	1177	0	10	1497	-0.851063829787236		
1266894699	20251005111500	20251005111500	1	leadership.ng	https://leadership.ng/wike-fubara-amaewhule-meet-rivers-elders-council/	7	-1	1196	1177	1	40	1497	-0.851063829787236		
1266894700	20251005111500	20251005111500	1	leadership.ng	https://leadership.ng/wike-fubara-amaewhule-meet-rivers-elders-council/	7	-1	1196	1177	0	50	1497	-0.851063829787236		
1266847441	20251005001500	20251005111500	1	independent.co.uk	https://www.independent.co.uk/news/world/americas/hamas-israel-donald-trump-benjamin-netanyahu-palestinians-b2839465.html	30	-1	4653	4580	1	100	5473	-3.40909090909091		
1266857587	20251005023000	20251005111500	1	hindustantimes.com	https://www.hindustantimes.com/entertainment/tamil-cinema/rajinikanth-takes-a-spiritual-break-in-rishikesh-eats-food-from-pattal-on-a-roadside-see-pics-101759656357316.html	5	-1	1772	1751	1	50	1926	8.38509316770186		
1266894701	20251005111500	20251005111500	1	thestatesman.com	https://www.thestatesman.com/world/pakistans-continued-neglect-deepens-balochistans-crisis-of-rights-identity-1503495096.html	3	-1	795	735	1	40	2170	0		
1266894702	20251005111500	20251005111500	1	thestatesman.com	https://www.thestatesman.com/world/pakistans-continued-neglect-deepens-balochistans-crisis-of-rights-identity-1503495096.html	3	-1	795	735	0	20	2170	0		
1266878782	20251005080000	20251005111500	1	leinsterexpress.ie	https://www.leinsterexpress.ie/news/national-news/1910941/guards-warn-against-social-media-prank-sending-ai-intruder-images-to-loved-ones.html	1	-1	27	7	1	100	1069	-9.49720670391065		
1266878782	20251005080000	20251005111500	1	longfordleader.ie	https://www.longfordleader.ie/news/national-news/1910941/guards-warn-against-social-media-prank-sending-ai-intruder-images-to-loved-ones.html	1	-1	27	7	1	100	1069	-9.49720670391065		
1266894703	20251005111500	20251005111500	1	independent.com.mt	https://www.independent.com.mt/articles/2025-10-05/local-news/Gozo-is-not-second-class-Alex-Borg-urges-investment-in-Gozo-s-youth-health-and-connectivity-6736273691	14	-1	4226	4168	0	20	6515	1.27853881278539		
1266894704	20251005111500	20251005111500	1	independent.com.mt	https://www.independent.com.mt/articles/2025-10-05/local-news/Gozo-is-not-second-class-Alex-Borg-urges-investment-in-Gozo-s-youth-health-and-connectivity-6736273691	6	-1	935	941	0	20	6515	1.27853881278539		
1266894705	20251005111500	20251005111500	1	nme.com	https://www.nme.com/news/music/drummer-alex-bent-announces-departure-from-trivium-this-is-by-no-means-the-end-of-my-path-as-a-musician-3897219	9	-1	1958	1945	1	10	2359	-0.24096385542169		
1266894706	20251005111500	20251005111500	1	pressenterpriseonline.com	https://www.pressenterpriseonline.com/apnews/trump-plans-to-federalize-300-troops-in-illinois-judge-blocks-similar-mobilization-in-oregon	11	-1	2674	2797	1	100	7364	-6.13656006914434		
1266893278	20251005110000	20251005111500	1	thestatesman.com	https://www.thestatesman.com/world/9-years-of-uncertainty-baloch-activist-sammi-deen-demands-answers-for-shabirs-disappearance-1503495162.html	2	-1	422	440	0	20	2009	-9.06148867313912		
1266848348	20251005003000	20251005111500	1	rockymounttelegram.com	https://www.rockymounttelegram.com/news/world/uk-says-it-will-restrict-repeated-protests-after-500-arrests-at-pro-palestinian-vigil/article_c500d4ae-1427-519f-bad2-d5be71a19766.html	16	-1	2816	2789	1	20	3226	-7.58754863813227		
1266848348	20251005003000	20251005111500	1	ksat.com	https://www.ksat.com/news/2025/10/05/uk-says-it-will-restrict-repeated-protests-after-500-arrests-at-pro-palestinian-vigil/	17	-1	2834	2807	1	20	3216	-7.6171875		
1266854484	20251005011500	20251005111500	1	ksat.com	https://www.ksat.com/news/2025/10/05/uk-says-it-will-restrict-repeated-protests-after-500-arrests-at-pro-palestinian-vigil/	18	-1	2940	3076	0	20	3216	-7.6171875		
1266854484	20251005011500	20251005111500	1	rockymounttelegram.com	https://www.rockymounttelegram.com/news/world/uk-says-it-will-restrict-repeated-protests-after-500-arrests-at-pro-palestinian-vigil/article_c500d4ae-1427-519f-bad2-d5be71a19766.html	17	-1	2922	3058	0	20	3226	-7.58754863813227		
1266848349	20251005003000	20251005111500	1	sanfordherald.com	https://www.sanfordherald.com/news/national/negotiators-due-in-cairo-for-gaza-ceasefire-hostage-release-talks/article_170fd171-949f-5fa6-81c3-2d81898f9d32.html	22	-1	3617	3686	1	10	4558	-5.37634408602151		
1266844781	20251005000000	20251005111500	1	independent.co.uk	https://www.independent.co.uk/news/world/americas/hamas-israel-donald-trump-benjamin-netanyahu-palestinians-b2839465.html	20	-1	3235	3298	1	100	5473	-3.40909090909091		
1266852320	20251005004500	20251005111500	1	independent.co.uk	https://www.independent.co.uk/news/world/americas/hamas-israel-donald-trump-benjamin-netanyahu-palestinians-b2839465.html	22	-1	3440	3434	1	100	5473	-3.40909090909091		
1266862630	20251005034500	20251005111500	1	independent.co.uk	https://www.independent.co.uk/news/world/americas/hamas-israel-donald-trump-benjamin-netanyahu-palestinians-b2839465.html	17	-1	2787	2782	1	60	5473	-3.40909090909091		
1266846099	20251005000000	20251005111500	1	independent.co.uk	https://www.independent.co.uk/news/world/americas/hamas-israel-donald-trump-benjamin-netanyahu-palestinians-b2839465.html	22	-1	3440	3460	1	100	5473	-3.40909090909091		
1266894707	20251005111500	20251005111500	1	omanobserver.om	https://www.omanobserver.om/article/1177598/oman/labour/qatari-team-reviews-omans-trade-union-system	1	-1	277	267	0	20	1976	0.70671378091873		
1266894708	20251005111500	20251005111500	1	postandcourier.com	https://www.postandcourier.com/news/special_reports/russian-investors-palmetto-bluff-sc-owe-taxes-sanctions/article_27067971-76c6-4e09-b054-ef6dae233d87.html	1	-1	0	365	0	20	4781	-5.15603799185889		
1266874671	20251005064500	20251005111500	1	go.com	https://abcnews.go.com/International/wireStory/5-dead-large-scale-nighttime-russian-strike-ukraine-126226073	5	-1	1154	1161	1	100	1282	-11.7647058823529		
1266874671	20251005064500	20251005111500	1	newsargus.com	https://www.newsargus.com/news/national/russian-strikes-kill-five-in-ukraine-cause-power-outages/article_556ee844-57a0-518b-8a26-57434fe40f2d.html	11	-1	2299	2316	1	50	2598	-6.25		
1266874671	20251005064500	20251005111500	1	carlow-nationalist.ie	https://www.carlow-nationalist.ie/news/national-news/deadly-night-time-russian-barrage-hits-ukraine_arid-73122.html	6	-1	1368	1375	1	100	1505	-11.8143459915612		
1266874671	20251005064500	20251005111500	1	edenmagnet.com.au	https://www.edenmagnet.com.au/story/9081594/russian-drone-missile-strikes-kill-five-in-ukraine/	10	-1	1720	1727	1	50	3532	-6.85920577617328		
1266874671	20251005064500	20251005111500	1	ksat.com	https://www.ksat.com/news/world/2025/10/05/at-least-5-dead-in-large-scale-nighttime-russian-strike-on-ukraine/	8	-1	1423	1430	1	100	3091	-7.61316872427984		
1266874671	20251005064500	20251005111500	1	sanfordherald.com	https://www.sanfordherald.com/news/national/russian-strikes-kill-five-in-ukraine-cause-power-outages/article_e02c02fb-795b-567f-b138-9ac5e5dc5951.html	11	-1	2299	2316	1	50	2598	-6.25		
1266874671	20251005064500	20251005111500	1	crookwellgazette.com.au	https://www.crookwellgazette.com.au/story/9081594/russian-drone-missile-strikes-kill-five-in-ukraine/	10	-1	1720	1727	1	50	3532	-6.85920577617328		
1266885506	20251005093000	20251005111500	1	delawarepublic.org	https://www.delawarepublic.org/npr-headlines/2025-10-05/what-to-expect-as-syria-holds-first-parliamentary-elections-since-assads-ouster	10	-1	3769	3937	1	30	7312	-2.41796200345423		
1266885506	20251005093000	20251005111500	1	wbaa.org	https://www.wbaa.org/2025-10-05/what-to-expect-as-syria-holds-first-parliamentary-elections-since-assads-ouster	10	-1	3769	3937	1	30	7312	-2.41796200345423		
1266885506	20251005093000	20251005111500	1	kunm.org	https://www.kunm.org/npr-news/2025-10-05/what-to-expect-as-syria-holds-first-parliamentary-elections-since-assads-ouster	10	-1	3769	3937	1	30	7312	-2.41796200345423		
1266885506	20251005093000	20251005111500	1	kpcw.org	https://www.kpcw.org/npr-top-stories/2025-10-05/what-to-expect-as-syria-holds-first-parliamentary-elections-since-assads-ouster	10	-1	3769	3937	1	30	7312	-2.41796200345423		
1266885506	20251005093000	20251005111500	1	wpsu.org	https://radio.wpsu.org/2025-10-05/what-to-expect-as-syria-holds-first-parliamentary-elections-since-assads-ouster	10	-1	3769	3937	1	30	7312	-2.41796200345423		
1266860058	20251005031500	20251005111500	1	wirralglobe.co.uk	https://www.wirralglobe.co.uk/news/national/25518317.syria-goes-polls-first-time-since-assad-removal/	6	-1	1414	1449	1	100	2660	-0.934579439252334		
1266860058	20251005031500	20251005111500	1	thurrockgazette.co.uk	https://www.thurrockgazette.co.uk/news/national/25518317.syria-goes-polls-first-time-since-assad-removal/	6	-1	1414	1449	1	100	2660	-0.934579439252334		
1266860058	20251005031500	20251005111500	1	stalbansreview.co.uk	https://www.stalbansreview.co.uk/news/national/25518317.syria-goes-polls-first-time-since-assad-removal/	6	-1	1414	1449	1	100	2660	-0.934579439252334		
1266860058	20251005031500	20251005111500	1	wharfedaleobserver.co.uk	https://www.wharfedaleobserver.co.uk/news/national/25518317.syria-goes-polls-first-time-since-assad-removal/	6	-1	1414	1449	1	100	2660	-0.934579439252334		
1266894709	20251005111500	20251005111500	1	focustaiwan.tw	https://focustaiwan.tw:443/culture/202510050009	6	-1	2780	2771	1	100	2910	3.19829424307037		
1266894709	20251005111500	20251005111500	1	focustaiwan.tw	https://focustaiwan.tw/culture/202510050009	6	-1	2780	2771	1	100	2910	3.19829424307037		
1266891978	20251005104500	20251005111500	1	zimbabwestar.com	http://www.zimbabwestar.com/news/278618431/eight-months-on-goma-airport-remains-closed-amid-dr-congo-grinding-conflict	13	-1	3021	3012	1	50	3840	-11.2745098039216		
1266891979	20251005104500	20251005111500	1	zimbabwestar.com	http://www.zimbabwestar.com/news/278618431/eight-months-on-goma-airport-remains-closed-amid-dr-congo-grinding-conflict	13	-1	3038	3026	0	20	3840	-11.2745098039216		
1266883798	20251005084500	20251005111500	1	sanfordherald.com	https://www.sanfordherald.com/news/national/russian-strikes-kill-five-in-ukraine-cause-power-outages/article_e02c02fb-795b-567f-b138-9ac5e5dc5951.html	6	-1	788	814	0	40	2598	-6.25		
1266883798	20251005084500	20251005111500	1	newsargus.com	https://www.newsargus.com/news/national/russian-strikes-kill-five-in-ukraine-cause-power-outages/article_556ee844-57a0-518b-8a26-57434fe40f2d.html	6	-1	788	814	0	40	2598	-6.25		
1266884417	20251005091500	20251005111500	1	sanfordherald.com	https://www.sanfordherald.com/news/national/russian-strikes-kill-five-in-ukraine-cause-power-outages/article_e02c02fb-795b-567f-b138-9ac5e5dc5951.html	6	-1	788	814	0	10	2598	-6.25		
1266884417	20251005091500	20251005111500	1	newsargus.com	https://www.newsargus.com/news/national/russian-strikes-kill-five-in-ukraine-cause-power-outages/article_556ee844-57a0-518b-8a26-57434fe40f2d.html	6	-1	788	814	0	10	2598	-6.25		
1266884418	20251005091500	20251005111500	1	newsargus.com	https://www.newsargus.com/news/national/russian-strikes-kill-five-in-ukraine-cause-power-outages/article_556ee844-57a0-518b-8a26-57434fe40f2d.html	6	-1	788	814	0	10	2598	-6.25		
1266884418	20251005091500	20251005111500	1	sanfordherald.com	https://www.sanfordherald.com/news/national/russian-strikes-kill-five-in-ukraine-cause-power-outages/article_e02c02fb-795b-567f-b138-9ac5e5dc5951.html	6	-1	788	814	0	10	2598	-6.25		
1266894710	20251005111500	20251005111500	1	thenews.com.pk	https://www.thenews.com.pk/latest/1348729-sabrina-carpenter-exits-austin-show-without-nonsense-twist	1	-1	95	79	1	100	1632	4.02930402930403		
1266854582	20251005014500	20251005111500	1	thetimes-tribune.com	https://www.thetimes-tribune.com/2025/10/03/60m-amazon-hub-with-900-delivery-vans-coming-to-hanover-twp/	10	-1	3199	3187	1	100	4712	0		
1266894711	20251005111500	20251005111500	1	sanmarcosrecord.com	https://www.sanmarcosrecord.com/article/31470,golden-age-home-hosts-health-fair	1	-1	24	37	0	60	1943	11.6504854368932		
1266894712	20251005111500	20251005111500	1	pressenterpriseonline.com	https://www.pressenterpriseonline.com/daily/100525/page/6/story/everybody-head-to-arkansas-to-strike-it-rich	1	-1	18	10	1	100	162	-2.77777777777778		
1266851866	20251005010000	20251005111500	1	wtov9.com	https://wtov9.com/news/nation-world/elderly-man-dies-nearly-a-year-after-oklahoma-city-police-officer-slammed-him-to-ground	2	-1	825	984	0	10	1990	-4.87106017191977		
1266846265	20251005000000	20251005111500	1	nme.com	https://www.nme.com/news/music/drummer-alex-bent-announces-departure-from-trivium-this-is-by-no-means-the-end-of-my-path-as-a-musician-3897219	9	-1	1964	1945	0	20	2359	-0.24096385542169		
1266852385	20251005004500	20251005111500	1	nme.com	https://www.nme.com/news/music/drummer-alex-bent-announces-departure-from-trivium-this-is-by-no-means-the-end-of-my-path-as-a-musician-3897219	2	-1	342	331	1	100	2359	-0.24096385542169		
1266855909	20251005020000	20251005111500	1	businessinsider.com	https://www.businessinsider.com/homeschooled-student-loans-college-pros-cons-successful-2025-9	2	-1	634	648	0	40	5128	-1.07398568019093		
1266855377	20251005020000	20251005111500	1	pressenterpriseonline.com	https://www.pressenterpriseonline.com/apnews/trump-plans-to-federalize-300-troops-in-illinois-judge-blocks-similar-mobilization-in-oregon	5	-1	1086	1037	1	40	7364	-6.13656006914434		
1266851155	20251005010000	20251005111500	1	pressenterpriseonline.com	https://www.pressenterpriseonline.com/apnews/trump-plans-to-federalize-300-troops-in-illinois-judge-blocks-similar-mobilization-in-oregon	5	-1	1092	1037	0	10	7364	-6.13656006914434		
1266864889	20251005044500	20251005111500	1	wbaa.org	https://www.wbaa.org/2025-10-05/some-democrats-share-trumps-goal-of-forcing-more-homeless-people-into-medical-care	32	-1	8039	8007	0	20	12215	-3.93258426966292		
1266864889	20251005044500	20251005111500	1	wpsu.org	https://radio.wpsu.org/2025-10-05/some-democrats-share-trumps-goal-of-forcing-more-homeless-people-into-medical-care	32	-1	8039	8007	0	20	12215	-3.93258426966292		
1266864889	20251005044500	20251005111500	1	kpcw.org	https://www.kpcw.org/npr-top-stories/2025-10-04/some-democrats-share-trumps-goal-of-forcing-more-homeless-people-into-medical-care	32	-1	8039	8007	0	20	12215	-3.93258426966292		
1266864889	20251005044500	20251005111500	1	kunm.org	https://www.kunm.org/npr-news/2025-10-04/some-democrats-share-trumps-goal-of-forcing-more-homeless-people-into-medical-care	32	-1	8039	8007	0	20	12215	-3.93258426966292		
1266864889	20251005044500	20251005111500	1	delawarepublic.org	https://www.delawarepublic.org/npr-headlines/2025-10-05/some-democrats-share-trumps-goal-of-forcing-more-homeless-people-into-medical-care	32	-1	8039	8007	0	20	12215	-3.93258426966292		
1266894713	20251005111500	20251005111500	1	sanmarcosrecord.com	https://www.sanmarcosrecord.com/article/31463,sma-hosts-photographer-michael-o-brien-names-wittliff-stem-scholars	7	-1	2268	2124	0	20	3431	4.46601941747573		
1266894714	20251005111500	20251005111500	1	sanmarcosrecord.com	https://www.sanmarcosrecord.com/article/31463,sma-hosts-photographer-michael-o-brien-names-wittliff-stem-scholars	7	-1	2298	2124	0	10	3431	4.46601941747573		
1266894715	20251005111500	20251005111500	1	sanmarcosrecord.com	https://www.sanmarcosrecord.com/article/31463,sma-hosts-photographer-michael-o-brien-names-wittliff-stem-scholars	7	-1	2268	2124	0	20	3431	4.46601941747573		
1266864276	20251005043000	20251005111500	1	sanmarcosrecord.com	https://www.sanmarcosrecord.com/article/31463,sma-hosts-photographer-michael-o-brien-names-wittliff-stem-scholars	7	-1	2298	2124	0	10	3431	4.46601941747573		
1266894716	20251005111500	20251005111500	1	independent.co.uk	https://www.independent.co.uk/news/world/americas/us-politics/noem-pritzker-bathroom-ice-illinois-b2839436.html	15	-1	3116	3130	0	10	3484	-4.76190476190476		
1266873697	20251005070000	20251005111500	1	pajhwok.com	https://pajhwok.com/2025/10/05/kyrgyzstan-sends-130-tonnes-aid-to-quake-hit-afghans/	3	323	-1	298	1	30	1346	5.71428571428572		
1266862720	20251005041500	20251005111500	1	thestatesman.com	https://www.thestatesman.com/world/pakistan-afghan-cleric-shot-dead-amid-growing-violence-against-refugees-1503495092.html	3	-1	410	456	0	20	2530	-14.0161725067386		
1266894717	20251005111500	20251005111500	1	pajhwok.com	https://pajhwok.com/2025/10/05/kyrgyzstan-sends-130-tonnes-aid-to-quake-hit-afghans/	3	343	192	313	0	20	1346	5.71428571428572		
1266894718	20251005111500	20251005111500	1	pajhwok.com	https://pajhwok.com/2025/10/05/kyrgyzstan-sends-130-tonnes-aid-to-quake-hit-afghans/	6	953	1008	972	0	10	1346	5.71428571428572		
1266894719	20251005111500	20251005111500	1	pajhwok.com	https://pajhwok.com/2025/10/05/kyrgyzstan-sends-130-tonnes-aid-to-quake-hit-afghans/	6	953	1008	972	0	10	1346	5.71428571428572		
1266894720	20251005111500	20251005111500	1	pajhwok.com	https://pajhwok.com/2025/10/05/kyrgyzstan-sends-130-tonnes-aid-to-quake-hit-afghans/	3	323	192	298	1	50	1346	5.71428571428572		
1266894721	20251005111500	20251005111500	1	pajhwok.com	https://pajhwok.com/2025/10/05/kyrgyzstan-sends-130-tonnes-aid-to-quake-hit-afghans/	4	573	534	522	0	30	1346	5.71428571428572		
1266894722	20251005111500	20251005111500	1	pajhwok.com	https://pajhwok.com/2025/10/05/kyrgyzstan-sends-130-tonnes-aid-to-quake-hit-afghans/	4	578	509	522	1	60	1346	5.71428571428572		
1266894723	20251005111500	20251005111500	1	figo.org	https://www.figo.org/news/figo-2025-opens-cape-town-uniting-womens-health-and-freedom	3	572	-1	582	0	40	3406	6.55737704918033		
1266894724	20251005111500	20251005111500	1	walesonline.co.uk	https://www.walesonline.co.uk/news/wales-news/nuclear-bunker-hidden-welsh-town-32613584	5	1952	-1	1992	0	20	4836	-4.81786133960047		
1266894725	20251005111500	20251005111500	1	walesonline.co.uk	https://www.walesonline.co.uk/news/wales-news/nuclear-bunker-hidden-welsh-town-32613584	5	1952	-1	1992	1	30	4836	-4.81786133960047		
1266894726	20251005111500	20251005111500	1	irishexaminer.com	https://www.irishexaminer.com/farming/arid-41717601.html	15	4854	-1	4869	1	100	6466	0.59726962457338		
1266869895	20251005054500	20251005111500	1	standardmedia.co.ke	https://www.standardmedia.co.ke/nyanza/article/2001531129/from-hope-to-ruin-the-rise-and-fall-of-siayas-fruit-factory	2	488	-1	568	1	50	1009	0		
1266866868	20251005051500	20251005111500	1	walesonline.co.uk	https://www.walesonline.co.uk/news/wales-news/nuclear-bunker-hidden-welsh-town-32613584	5	1952	-1	2036	0	20	4836	-4.81786133960047		
1266866869	20251005051500	20251005111500	1	walesonline.co.uk	https://www.walesonline.co.uk/news/wales-news/nuclear-bunker-hidden-welsh-town-32613584	5	1952	-1	2036	1	30	4836	-4.81786133960047		
1266894727	20251005111500	20251005111500	1	indiatimes.com	https://timesofindia.indiatimes.com/world/middle-east/dubai-opens-doors-for-german-businesses-with-easy-setup-and-quickgrowthsupport/articleshow/124318979.cms	2	398	495	352	1	100	4894	10.1024890190337		
1266894728	20251005111500	20251005111500	1	indiatimes.com	https://timesofindia.indiatimes.com/world/middle-east/dubai-opens-doors-for-german-businesses-with-easy-setup-and-quickgrowthsupport/articleshow/124318979.cms	1	228	127	178	1	100	4894	10.1024890190337		
1266844841	20251005000000	20251005111500	1	manchestereveningnews.co.uk	https://www.manchestereveningnews.co.uk/news/tv/strictly-come-dancing-fans-cant-32613789	3	836	-1	856	0	20	3369	0.17513134851139		
1266853741	20251005013000	20251005111500	1	cessnockadvertiser.com.au	https://www.cessnockadvertiser.com.au/story/9081421/labor-dreaming-with-gaza-claim-activists-vow-rallies/	15	3351	-1	3404	0	10	3971	-0.9375		
1266894729	20251005111500	20251005111500	1	nme.com	https://www.nme.com/news/music/listen-to-fred-again-s-high-octane-new-single-youre-a-star-with-amyl-the-sniffers-from-new-usb-series-3897228	6	1693	-1	1636	0	20	3101	1.43884892086331		
1266871416	20251005063000	20251005111500	1	cessnockadvertiser.com.au	https://www.cessnockadvertiser.com.au/story/9081421/labor-dreaming-with-gaza-claim-activists-vow-rallies/	8	1709	-1	1726	0	20	3971	-0.9375		
1266871417	20251005063000	20251005111500	1	cessnockadvertiser.com.au	https://www.cessnockadvertiser.com.au/story/9081421/labor-dreaming-with-gaza-claim-activists-vow-rallies/	8	1709	-1	1726	0	20	3971	-0.9375		
1266891996	20251005104500	20251005111500	1	cessnockadvertiser.com.au	https://www.cessnockadvertiser.com.au/story/9081685/suburbs-in-lockdown-as-police-respond-to-active-shooter/	3	297	-1	337	1	50	921	-5.06329113924051		
1266891996	20251005104500	20251005111500	1	edenmagnet.com.au	https://www.edenmagnet.com.au/story/9081685/suburbs-in-lockdown-as-police-respond-to-active-shooter/	3	297	-1	337	1	50	921	-5.06329113924051		
1266891996	20251005104500	20251005111500	1	blayneychronicle.com.au	https://www.blayneychronicle.com.au/story/9081685/suburbs-in-lockdown-as-police-respond-to-active-shooter/	3	297	-1	337	1	50	921	-5.06329113924051		
1266891996	20251005104500	20251005111500	1	crookwellgazette.com.au	https://www.crookwellgazette.com.au/story/9081685/suburbs-in-lockdown-as-police-respond-to-active-shooter/	3	297	-1	337	1	50	921	-5.06329113924051		
1266891997	20251005104500	20251005111500	1	cessnockadvertiser.com.au	https://www.cessnockadvertiser.com.au/story/9081685/suburbs-in-lockdown-as-police-respond-to-active-shooter/	3	297	374	337	1	50	921	-5.06329113924051		
1266891997	20251005104500	20251005111500	1	crookwellgazette.com.au	https://www.crookwellgazette.com.au/story/9081685/suburbs-in-lockdown-as-police-respond-to-active-shooter/	3	297	374	337	1	50	921	-5.06329113924051		
1266891997	20251005104500	20251005111500	1	blayneychronicle.com.au	https://www.blayneychronicle.com.au/story/9081685/suburbs-in-lockdown-as-police-respond-to-active-shooter/	3	297	374	337	1	50	921	-5.06329113924051		
1266891997	20251005104500	20251005111500	1	edenmagnet.com.au	https://www.edenmagnet.com.au/story/9081685/suburbs-in-lockdown-as-police-respond-to-active-shooter/	3	297	374	337	1	50	921	-5.06329113924051		
1266851187	20251005010000	20251005111500	1	cessnockadvertiser.com.au	https://www.cessnockadvertiser.com.au/story/9081421/labor-dreaming-with-gaza-claim-activists-vow-rallies/	12	2853	2879	2863	0	40	3971	-0.9375		
1266894730	20251005111500	20251005111500	1	afr.com	https://www.afr.com/politics/union-blasts-allan-government-over-full-scale-crisis-in-retail-crime-20251005-p5n06f	1	108	163	145	1	100	440	-8.97435897435894		
1266851192	20251005010000	20251005111500	1	cessnockadvertiser.com.au	https://www.cessnockadvertiser.com.au/story/9081421/labor-dreaming-with-gaza-claim-activists-vow-rallies/	10	2296	2364	2337	0	10	3971	-0.9375		
1266866882	20251005051500	20251005111500	1	cessnockadvertiser.com.au	https://www.cessnockadvertiser.com.au/story/9081421/labor-dreaming-with-gaza-claim-activists-vow-rallies/	10	2296	2364	2337	0	10	3971	-0.9375		
1266871419	20251005063000	20251005111500	1	cessnockadvertiser.com.au	https://www.cessnockadvertiser.com.au/story/9081421/labor-dreaming-with-gaza-claim-activists-vow-rallies/	10	2296	2346	2320	1	20	3971	-0.9375		
1266871420	20251005063000	20251005111500	1	cessnockadvertiser.com.au	https://www.cessnockadvertiser.com.au/story/9081421/labor-dreaming-with-gaza-claim-activists-vow-rallies/	10	2296	2344	2318	0	10	3971	-0.9375		
1266851193	20251005010000	20251005111500	1	cessnockadvertiser.com.au	https://www.cessnockadvertiser.com.au/story/9081421/labor-dreaming-with-gaza-claim-activists-vow-rallies/	10	2296	2362	2351	0	20	3971	-0.9375		
1266894731	20251005111500	20251005111500	1	manchestereveningnews.co.uk	https://www.manchestereveningnews.co.uk/news/tv/strictly-come-dancing-fans-cant-32613789	8	2129	2105	2100	0	20	3369	0.17513134851139		
1266894732	20251005111500	20251005111500	1	nme.com	https://www.nme.com/news/music/drummer-alex-bent-announces-departure-from-trivium-this-is-by-no-means-the-end-of-my-path-as-a-musician-3897219	9	2040	1958	1945	0	20	2359	-0.24096385542169		
1266851200	20251005010000	20251005111500	1	cessnockadvertiser.com.au	https://www.cessnockadvertiser.com.au/story/9081421/labor-dreaming-with-gaza-claim-activists-vow-rallies/	5	947	979	938	0	10	3971	-0.9375		
1266851201	20251005010000	20251005111500	1	cessnockadvertiser.com.au	https://www.cessnockadvertiser.com.au/story/9081421/labor-dreaming-with-gaza-claim-activists-vow-rallies/	5	947	979	938	0	10	3971	-0.9375		
1266851204	20251005010000	20251005111500	1	cessnockadvertiser.com.au	https://www.cessnockadvertiser.com.au/story/9081421/labor-dreaming-with-gaza-claim-activists-vow-rallies/	5	947	979	920	0	20	3971	-0.9375		
1266851205	20251005010000	20251005111500	1	cessnockadvertiser.com.au	https://www.cessnockadvertiser.com.au/story/9081421/labor-dreaming-with-gaza-claim-activists-vow-rallies/	5	947	979	969	0	10	3971	-0.9375		
1266851206	20251005010000	20251005111500	1	cessnockadvertiser.com.au	https://www.cessnockadvertiser.com.au/story/9081421/labor-dreaming-with-gaza-claim-activists-vow-rallies/	5	947	979	969	0	10	3971	-0.9375		
1266851209	20251005010000	20251005111500	1	cessnockadvertiser.com.au	https://www.cessnockadvertiser.com.au/story/9081421/labor-dreaming-with-gaza-claim-activists-vow-rallies/	10	2296	2364	2353	1	20	3971	-0.9375		
1266866884	20251005051500	20251005111500	1	cessnockadvertiser.com.au	https://www.cessnockadvertiser.com.au/story/9081421/labor-dreaming-with-gaza-claim-activists-vow-rallies/	10	2296	2381	2372	0	10	3971	-0.9375		
1266894733	20251005111500	20251005111500	1	dailymail.co.uk	https://www.dailymail.co.uk/news/article-15163715/Croydon-Park-shooting-Sydney.html	1	32	-1	85	1	60	2914	-4.40251572327044		
1266894734	20251005111500	20251005111500	1	dailymail.co.uk	https://www.dailymail.co.uk/news/article-15163715/Croydon-Park-shooting-Sydney.html	1	32	50	104	0	40	2914	-4.40251572327044		
1266894735	20251005111500	20251005111500	1	manchestereveningnews.co.uk	https://www.manchestereveningnews.co.uk/news/tv/strictly-come-dancing-fans-cant-32613789	8	2111	-1	2100	0	20	3369	0.17513134851139		
1266894736	20251005111500	20251005111500	1	dhakatimes24.com	https://www.dhakatimes24.com/2025/10/05/394503	17	6156	-1	6142	1	100	7595	0.95320623916811		
1266894737	20251005111500	20251005111500	1	hindustantimes.com	https://www.hindustantimes.com/india-news/darjeeling-landslide-news-live-updates-weather-rain-west-bengal-nepal-bhutan-101759658483533.html	7	1354	1403	1377	1	60	2338	-9.0659340659341		
1266894738	20251005111500	20251005111500	1	hindustantimes.com	https://www.hindustantimes.com/india-news/darjeeling-landslide-news-live-updates-weather-rain-west-bengal-nepal-bhutan-101759658483533.html	7	1354	1403	1377	0	20	2338	-9.0659340659341		
1266894739	20251005111500	20251005111500	1	hindustantimes.com	https://www.hindustantimes.com/india-news/darjeeling-landslide-news-live-updates-weather-rain-west-bengal-nepal-bhutan-101759658483533.html	7	1354	1403	1377	0	20	2338	-9.0659340659341		
1266894740	20251005111500	20251005111500	1	hindustantimes.com	https://www.hindustantimes.com/india-news/darjeeling-landslide-news-live-updates-weather-rain-west-bengal-nepal-bhutan-101759658483533.html	2	245	-1	252	0	20	2338	-9.0659340659341		
1266844906	20251005000000	20251005111500	1	dailypolitical.com	https://www.dailypolitical.com/2025/10/05/merit-financial-group-llc-has-14-81-million-position-in-blackrock-blk.html	5	2636	-1	2659	1	50	6328	2.63713080168777		
1266844906	20251005000000	20251005111500	1	dailypolitical.com	https://www.dailypolitical.com/2025/10/05/three-bridge-wealth-advisors-llc-purchases-55-shares-of-general-dynamics-corporation-gd.html	5	5171	-1	5194	1	100	6934	1.72413793103448		
1266894741	20251005111500	20251005111500	1	gjsentinel.com	https://www.gjsentinel.com/news/western_colorado/colorado-s-unclear-health-ranking-more-health-headlines/article_a96d10cb-ca7f-4345-ab6b-95d449cc2c8a.html	3	507	-1	550	1	100	4106	4.71544715447155		
1266886895	20251005094500	20251005111500	1	thenationonlineng.net	https://thenationonlineng.net/high-point-of-nigerias-participation-at-unga-80-2/	18	4757	-1	4746	0	10	7475	1.64075993091537		
1266851218	20251005010000	20251005111500	1	dailypolitical.com	https://www.dailypolitical.com/2025/10/05/hubbell-strickland-wealth-management-llc-has-759000-stake-in-ishares-sp-mid-cap-400-growth-etf-ijk.html	2	1826	-1	1809	1	100	3409	1.80505415162455		
1266894742	20251005111500	20251005111500	1	afr.com	https://www.afr.com/policy/tax-and-super/magic-pudding-economics-bca-says-cash-flow-tax-will-whack-economy-20251005-p5n048	3	583	-1	607	1	50	562	-4		
1266847883	20251005000000	20251005111500	1	indiatimes.com	https://timesofindia.indiatimes.com/world/middle-east/flydubai-updates-power-bank-rules-from-october-2025-following-emirates-safety-measures/articleshow/124319219.cms	2	1229	-1	1277	1	100	3229	-1.04384133611691		
1266894743	20251005111500	20251005111500	1	indiatimes.com	https://timesofindia.indiatimes.com/world/middle-east/flydubai-updates-power-bank-rules-from-october-2025-following-emirates-safety-measures/articleshow/124319219.cms	2	1066	-1	1190	1	50	3229	-1.04384133611691		
1266892021	20251005104500	20251005111500	1	zimbabwestar.com	http://www.zimbabwestar.com/news/278618431/eight-months-on-goma-airport-remains-closed-amid-dr-congo-grinding-conflict	11	2544	2565	2555	1	50	3840	-11.2745098039216		
1266890801	20251005103000	20251005111500	1	ksat.com	https://www.ksat.com/news/world/2025/10/05/at-least-5-dead-in-large-scale-nighttime-russian-strike-on-ukraine/	5	959	1073	1056	0	10	3091	-7.61316872427984		
1266890803	20251005103000	20251005111500	1	ksat.com	https://www.ksat.com/news/world/2025/10/05/at-least-5-dead-in-large-scale-nighttime-russian-strike-on-ukraine/	5	959	1073	1056	0	10	3091	-7.61316872427984		
1266894744	20251005111500	20251005111500	1	miningmx.com	https://www.miningmx.com/trending/62642-london-no-longer-a-hub-for-big-mining-finance/	2	551	529	537	1	100	2022	-0.64724919093852		
1266879649	20251005081500	20251005111500	1	thenationonlineng.net	https://thenationonlineng.net/high-point-of-nigerias-participation-at-unga-80-2/	18	4765	4661	4754	1	80	7475	1.64075993091537		
1266894745	20251005111500	20251005111500	1	indiatimes.com	https://timesofindia.indiatimes.com/entertainment/hindi/bollywood/news/arhaan-khan-and-sohail-khan-reach-hospital-as-arbaaz-khan-and-sshura-khan-welcome-baby-girl-watch/articleshow/124319633.cms	11	1951	1969	1960	1	30	2516	5.80046403712297		
1266879653	20251005081500	20251005111500	1	thenationonlineng.net	https://thenationonlineng.net/high-point-of-nigerias-participation-at-unga-80-2/	18	4757	4671	4746	0	10	7475	1.64075993091537		
1266894746	20251005111500	20251005111500	1	theglobeandmail.com	https://www.theglobeandmail.com/opinion/letters/article-give-doug-ford-ticket-for-moving-too-fast-on-banning-speed-cameras/	12	3575	-1	3626	0	40	7835	-1.30568356374808		
1266894747	20251005111500	20251005111500	1	theglobeandmail.com	https://www.theglobeandmail.com/opinion/letters/article-give-doug-ford-ticket-for-moving-too-fast-on-banning-speed-cameras/	6	2080	-1	2068	0	20	7835	-1.30568356374808		
1266894748	20251005111500	20251005111500	1	theglobeandmail.com	https://www.theglobeandmail.com/opinion/letters/article-give-doug-ford-ticket-for-moving-too-fast-on-banning-speed-cameras/	4	1397	1249	1362	0	20	7835	-1.30568356374808		
1266894749	20251005111500	20251005111500	1	theglobeandmail.com	https://www.theglobeandmail.com/opinion/letters/article-give-doug-ford-ticket-for-moving-too-fast-on-banning-speed-cameras/	8	2283	2295	2272	1	80	7835	-1.30568356374808		
1266894750	20251005111500	20251005111500	1	theglobeandmail.com	https://www.theglobeandmail.com/opinion/letters/article-give-doug-ford-ticket-for-moving-too-fast-on-banning-speed-cameras/	8	2283	2295	2272	0	20	7835	-1.30568356374808		
1266894751	20251005111500	20251005111500	1	theglobeandmail.com	https://www.theglobeandmail.com/opinion/letters/article-give-doug-ford-ticket-for-moving-too-fast-on-banning-speed-cameras/	4	1249	-1	1362	0	10	7835	-1.30568356374808		
1266894752	20251005111500	20251005111500	1	theglobeandmail.com	https://www.theglobeandmail.com/opinion/letters/article-give-doug-ford-ticket-for-moving-too-fast-on-banning-speed-cameras/	4	1249	-1	1362	1	20	7835	-1.30568356374808		
1266894753	20251005111500	20251005111500	1	theglobeandmail.com	https://www.theglobeandmail.com/opinion/letters/article-give-doug-ford-ticket-for-moving-too-fast-on-banning-speed-cameras/	4	1249	1397	1362	0	20	7835	-1.30568356374808		
1266885545	20251005093000	20251005111500	1	caledonianrecord.com	https://www.caledonianrecord.com/news/national/a-look-at-swiss-guards-preparing-for-a-swearing-in-ceremony-attended-by-the-pope/article_75022c32-9550-54ba-9d1b-d89edd86b88b.html	1	10	72	60	1	100	538	5		
1266870399	20251005061500	20251005111500	1	kentonline.co.uk	https://www.kentonline.co.uk/news/national/home-secretary-disappointed-at-collapse-of-chinese-spying-case-156125/	17	3477	-1	3483	0	40	3599	-6.97278911564626		
1266894754	20251005111500	20251005111500	1	kentonline.co.uk	https://www.kentonline.co.uk/news/national/home-secretary-disappointed-at-collapse-of-chinese-spying-case-156125/	2	80	-1	104	0	20	3599	-6.97278911564626		
1266844985	20251005000000	20251005111500	1	scmp.com	https://www.scmp.com/news/hong-kong/politics/article/3327924/legco-delegations-shun-west-4-years-first-hong-kong-handover	4	1070	-1	1046	1	100	1138	-1.52284263959391		
1266894755	20251005111500	20251005111500	1	kentonline.co.uk	https://www.kentonline.co.uk/news/national/home-secretary-disappointed-at-collapse-of-chinese-spying-case-156125/	1	43	-1	51	1	80	3599	-6.97278911564626		
1266879028	20251005074500	20251005111500	1	standard.co.uk	https://www.standard.co.uk/news/politics/chinese-shabana-mahmood-jonathan-powell-home-secretary-stephen-parkinson-b1251304.html	1	43	-1	51	1	80	304	-6.77966101694915		
1266894756	20251005111500	20251005111500	1	kentonline.co.uk	https://www.kentonline.co.uk/news/national/home-secretary-disappointed-at-collapse-of-chinese-spying-case-156125/	2	80	-1	86	0	20	3599	-6.97278911564626		
1266894757	20251005111500	20251005111500	1	wtov9.com	https://wtov9.com/news/local/rayland-fire-department-hosts-inaugural-barktober-fest-at-new-dog-park	1	40	8	24	0	40	749	5.03597122302158		
1266856091	20251005014500	20251005111500	1	kentonline.co.uk	https://www.kentonline.co.uk/news/national/home-secretary-disappointed-at-collapse-of-chinese-spying-case-156125/	12	2411	2354	2376	1	50	3599	-6.97278911564626		
1266894758	20251005111500	20251005111500	1	kentonline.co.uk	https://www.kentonline.co.uk/news/national/home-secretary-disappointed-at-collapse-of-chinese-spying-case-156125/	12	2426	2354	2376	0	20	3599	-6.97278911564626		
1266885550	20251005093000	20251005111500	1	caledonianrecord.com	https://www.caledonianrecord.com/news/national/a-look-at-swiss-guards-preparing-for-a-swearing-in-ceremony-attended-by-the-pope/article_75022c32-9550-54ba-9d1b-d89edd86b88b.html	1	72	10	60	1	100	538	5		
1266846968	20251005001500	20251005111500	1	wpsu.org	https://radio.wpsu.org/2025-10-04/largest-us-lutheran-denomination-installs-first-black-presiding-bishop	8	2475	2500	2466	1	50	5591	1.42231947483589		
1266846969	20251005001500	20251005111500	1	wpsu.org	https://radio.wpsu.org/2025-10-04/largest-us-lutheran-denomination-installs-first-black-presiding-bishop	8	2499	-1	2490	0	20	5591	1.42231947483589		
1266892042	20251005104500	20251005111500	1	zimbabwestar.com	http://www.zimbabwestar.com/news/278618431/eight-months-on-goma-airport-remains-closed-amid-dr-congo-grinding-conflict	2	318	377	384	1	100	3840	-11.2745098039216		
1266892043	20251005104500	20251005111500	1	zimbabwestar.com	http://www.zimbabwestar.com/news/278618431/eight-months-on-goma-airport-remains-closed-amid-dr-congo-grinding-conflict	4	1704	-1	1752	1	50	3840	-11.2745098039216		
1266892044	20251005104500	20251005111500	1	zimbabwestar.com	http://www.zimbabwestar.com/news/278618431/eight-months-on-goma-airport-remains-closed-amid-dr-congo-grinding-conflict	4	1704	1775	1752	1	50	3840	-11.2745098039216		
1266894759	20251005111500	20251005111500	1	hindustantimes.com	https://www.hindustantimes.com/india-news/darjeeling-landslide-news-live-updates-weather-rain-west-bengal-nepal-bhutan-101759658483533.html	9	2219	-1	2234	1	100	2338	-9.0659340659341		
1266862757	20251005041500	20251005111500	1	thestatesman.com	https://www.thestatesman.com/world/pakistan-afghan-cleric-shot-dead-amid-growing-violence-against-refugees-1503495092.html	5	708	-1	723	0	40	2530	-14.0161725067386		
1266862758	20251005041500	20251005111500	1	thestatesman.com	https://www.thestatesman.com/world/pakistan-afghan-cleric-shot-dead-amid-growing-violence-against-refugees-1503495092.html	5	708	-1	723	1	60	2530	-14.0161725067386		
1266858449	20251005023000	20251005111500	1	wirralglobe.co.uk	https://www.wirralglobe.co.uk/news/national/25518391.hate-crime-fire-mosque-seaside-town-condemned-disgusting/	11	1442	-1	1482	1	50	2016	-4.55840455840456		
1266858449	20251005023000	20251005111500	1	stalbansreview.co.uk	https://www.stalbansreview.co.uk/news/national/25518391.hate-crime-fire-mosque-seaside-town-condemned-disgusting/	11	1469	-1	1509	1	50	2016	-4.50704225352113		
1266858449	20251005023000	20251005111500	1	thurrockgazette.co.uk	https://www.thurrockgazette.co.uk/news/national/25518391.hate-crime-fire-mosque-seaside-town-condemned-disgusting/	11	1442	-1	1482	1	50	2016	-4.55840455840456		
1266858449	20251005023000	20251005111500	1	wharfedaleobserver.co.uk	https://www.wharfedaleobserver.co.uk/news/national/25518391.hate-crime-fire-mosque-seaside-town-condemned-disgusting/	11	1442	-1	1482	1	50	2016	-4.55840455840456		
1266894760	20251005111500	20251005111500	1	myjoyonline.com	https://www.myjoyonline.com/girls-urged-to-take-ict-training-seriously-to-secure-future-opportunities/	2	80	-1	191	1	30	2909	3.87096774193548		
1266848502	20251005003000	20251005111500	1	wirralglobe.co.uk	https://www.wirralglobe.co.uk/news/national/25518391.hate-crime-fire-mosque-seaside-town-condemned-disgusting/	5	652	-1	633	1	100	2016	-4.55840455840456		
1266848502	20251005003000	20251005111500	1	wharfedaleobserver.co.uk	https://www.wharfedaleobserver.co.uk/news/national/25518391.hate-crime-fire-mosque-seaside-town-condemned-disgusting/	5	652	-1	633	1	100	2016	-4.55840455840456		
1266848502	20251005003000	20251005111500	1	thurrockgazette.co.uk	https://www.thurrockgazette.co.uk/news/national/25518391.hate-crime-fire-mosque-seaside-town-condemned-disgusting/	5	652	-1	633	1	100	2016	-4.55840455840456		
1266848502	20251005003000	20251005111500	1	stalbansreview.co.uk	https://www.stalbansreview.co.uk/news/national/25518391.hate-crime-fire-mosque-seaside-town-condemned-disgusting/	5	679	-1	660	1	100	2016	-4.50704225352113		
1266894761	20251005111500	20251005111500	1	indianexpress.com	https://indianexpress.com/article/india/bihar-assembly-polls-date-november-22-election-commission-10289182/	10	4352	-1	4302	1	50	4448	1.03092783505155		
1266845022	20251005000000	20251005111500	1	thestatesman.com	https://www.thestatesman.com/india/rs-12-lakh-in-counterfeit-notes-seized-in-maharashtras-alibaug-one-held-1503495076.html	6	1638	-1	1665	1	100	1981	-9.32475884244373		
1266849877	20251005004500	20251005111500	1	pressenterpriseonline.com	https://www.pressenterpriseonline.com/daily/100525/page/5/story/cops-fight-broken-up-at-fest	1	45	-1	119	1	100	169	-3.22580645161291		
1266894762	20251005111500	20251005111500	1	dailymail.co.uk	https://www.dailymail.co.uk/news/article-15163715/Croydon-Park-shooting-Sydney.html	12	1692	-1	1788	1	100	2914	-4.40251572327044		
1266894763	20251005111500	20251005111500	1	theglobeandmail.com	https://www.theglobeandmail.com/opinion/letters/article-give-doug-ford-ticket-for-moving-too-fast-on-banning-speed-cameras/	13	3988	-1	3978	1	100	7835	-1.30568356374808		
1266894764	20251005111500	20251005111500	1	leinsterexpress.ie	https://www.leinsterexpress.ie/news/crime---court/1910548/unforgiveable-driver-doing-177kph-with-two-unrestrained-kids-in-car-in-laois.html	10	2019	-1	2070	1	100	2605	-4.83193277310924		
1266845030	20251005000000	20251005111500	1	el-balad.com	https://el-balad.com/6724941	9	1185	-1	1163	1	100	1347	-4.95049504950496		
1266894765	20251005111500	20251005111500	1	leinsterexpress.ie	https://www.leinsterexpress.ie/news/crime---court/1910548/unforgiveable-driver-doing-177kph-with-two-unrestrained-kids-in-car-in-laois.html	10	2019	-1	1983	1	100	2605	-4.83193277310924		
1266894766	20251005111500	20251005111500	1	albawaba.com	https://www.albawaba.com/news/uk-mosque-torched-suspected-islamophobic-1613768	1	222	-1	123	1	10	1763	-10.0719424460432		
1266846999	20251005001500	20251005111500	1	wharfedaleobserver.co.uk	https://www.wharfedaleobserver.co.uk/news/national/25518391.hate-crime-fire-mosque-seaside-town-condemned-disgusting/	2	210	-1	242	1	100	2016	-4.55840455840456		
1266846999	20251005001500	20251005111500	1	thurrockgazette.co.uk	https://www.thurrockgazette.co.uk/news/national/25518391.hate-crime-fire-mosque-seaside-town-condemned-disgusting/	2	210	-1	242	1	100	2016	-4.55840455840456		
1266846999	20251005001500	20251005111500	1	stalbansreview.co.uk	https://www.stalbansreview.co.uk/news/national/25518391.hate-crime-fire-mosque-seaside-town-condemned-disgusting/	2	237	-1	269	1	100	2016	-4.50704225352113		
1266846999	20251005001500	20251005111500	1	el-balad.com	https://el-balad.com/6724941	2	64	-1	107	1	100	1347	-4.95049504950496		
1266846999	20251005001500	20251005111500	1	wirralglobe.co.uk	https://www.wirralglobe.co.uk/news/national/25518391.hate-crime-fire-mosque-seaside-town-condemned-disgusting/	2	210	-1	242	1	100	2016	-4.55840455840456		
1266862763	20251005041500	20251005111500	1	thestatesman.com	https://www.thestatesman.com/world/pakistan-afghan-cleric-shot-dead-amid-growing-violence-against-refugees-1503495092.html	3	328	-1	314	1	10	2530	-14.0161725067386		
1266889518	20251005101500	20251005111500	1	cessnockadvertiser.com.au	https://www.cessnockadvertiser.com.au/story/9081685/suburbs-in-lockdown-as-police-respond-to-active-shooter/	4	694	-1	755	1	20	921	-5.06329113924051		
1266889518	20251005101500	20251005111500	1	edenmagnet.com.au	https://www.edenmagnet.com.au/story/9081685/suburbs-in-lockdown-as-police-respond-to-active-shooter/	4	694	-1	755	1	20	921	-5.06329113924051		
1266889518	20251005101500	20251005111500	1	dailymail.co.uk	https://www.dailymail.co.uk/news/article-15163715/Croydon-Park-shooting-Sydney.html	17	2551	-1	2612	1	20	2914	-4.40251572327044		
1266889518	20251005101500	20251005111500	1	crookwellgazette.com.au	https://www.crookwellgazette.com.au/story/9081685/suburbs-in-lockdown-as-police-respond-to-active-shooter/	4	694	-1	755	1	20	921	-5.06329113924051		
1266889518	20251005101500	20251005111500	1	blayneychronicle.com.au	https://www.blayneychronicle.com.au/story/9081685/suburbs-in-lockdown-as-police-respond-to-active-shooter/	4	694	-1	755	1	20	921	-5.06329113924051		
1266862764	20251005041500	20251005111500	1	thestatesman.com	https://www.thestatesman.com/world/pakistan-afghan-cleric-shot-dead-amid-growing-violence-against-refugees-1503495092.html	3	328	375	314	1	10	2530	-14.0161725067386		
1266889519	20251005101500	20251005111500	1	blayneychronicle.com.au	https://www.blayneychronicle.com.au/story/9081685/suburbs-in-lockdown-as-police-respond-to-active-shooter/	4	705	766	777	0	60	921	-5.06329113924051		
1266889519	20251005101500	20251005111500	1	crookwellgazette.com.au	https://www.crookwellgazette.com.au/story/9081685/suburbs-in-lockdown-as-police-respond-to-active-shooter/	4	705	766	777	0	60	921	-5.06329113924051		
1266889519	20251005101500	20251005111500	1	dailymail.co.uk	https://www.dailymail.co.uk/news/article-15163715/Croydon-Park-shooting-Sydney.html	17	2551	2617	2629	0	60	2914	-4.40251572327044		
1266889519	20251005101500	20251005111500	1	edenmagnet.com.au	https://www.edenmagnet.com.au/story/9081685/suburbs-in-lockdown-as-police-respond-to-active-shooter/	4	705	766	777	0	60	921	-5.06329113924051		
1266889519	20251005101500	20251005111500	1	cessnockadvertiser.com.au	https://www.cessnockadvertiser.com.au/story/9081685/suburbs-in-lockdown-as-police-respond-to-active-shooter/	4	705	766	777	0	60	921	-5.06329113924051		
1266894767	20251005111500	20251005111500	1	dailymail.co.uk	https://www.dailymail.co.uk/news/article-15163715/Croydon-Park-shooting-Sydney.html	16	2451	2486	2458	1	100	2914	-4.40251572327044		
1266884489	20251005091500	20251005111500	1	wirralglobe.co.uk	https://www.wirralglobe.co.uk/news/national/25518391.hate-crime-fire-mosque-seaside-town-condemned-disgusting/	11	1442	1543	1482	1	50	2016	-4.55840455840456		
1266884489	20251005091500	20251005111500	1	thurrockgazette.co.uk	https://www.thurrockgazette.co.uk/news/national/25518391.hate-crime-fire-mosque-seaside-town-condemned-disgusting/	11	1442	1543	1482	1	50	2016	-4.55840455840456		
1266884489	20251005091500	20251005111500	1	stalbansreview.co.uk	https://www.stalbansreview.co.uk/news/national/25518391.hate-crime-fire-mosque-seaside-town-condemned-disgusting/	11	1469	1570	1509	1	50	2016	-4.50704225352113		
1266884489	20251005091500	20251005111500	1	wharfedaleobserver.co.uk	https://www.wharfedaleobserver.co.uk/news/national/25518391.hate-crime-fire-mosque-seaside-town-condemned-disgusting/	11	1442	1543	1482	1	50	2016	-4.55840455840456		
1266892057	20251005104500	20251005111500	1	eastlondonadvertiser.co.uk	https://www.eastlondonadvertiser.co.uk/news/25518439.met-police-arrest-hundreds-london-palestine-action-support/	1	4	30	0	1	100	4619	-4.04858299595141		
1266847006	20251005001500	20251005111500	1	eastlondonadvertiser.co.uk	https://www.eastlondonadvertiser.co.uk/news/25518439.met-police-arrest-hundreds-london-palestine-action-support/	1	4	30	11	1	100	4619	-4.04858299595141		
1266894768	20251005111500	20251005111500	1	albawaba.com	https://www.albawaba.com/news/uk-mosque-torched-suspected-islamophobic-1613768	2	840	741	828	0	20	1763	-10.0719424460432		
1266894769	20251005111500	20251005111500	1	albawaba.com	https://www.albawaba.com/news/uk-mosque-torched-suspected-islamophobic-1613768	2	840	741	828	1	80	1763	-10.0719424460432		
1266894770	20251005111500	20251005111500	1	albawaba.com	https://www.albawaba.com/news/uk-mosque-torched-suspected-islamophobic-1613768	1	245	125	178	0	60	1763	-10.0719424460432		
1266845039	20251005000000	20251005111500	1	eastlondonadvertiser.co.uk	https://www.eastlondonadvertiser.co.uk/news/25518439.met-police-arrest-hundreds-london-palestine-action-support/	21	4330	4351	4388	1	100	4619	-4.04858299595141		
1266845041	20251005000000	20251005111500	1	eastlondonadvertiser.co.uk	https://www.eastlondonadvertiser.co.uk/news/25518439.met-police-arrest-hundreds-london-palestine-action-support/	21	4330	4351	4403	1	100	4619	-4.04858299595141		
1266894771	20251005111500	20251005111500	1	indianexpress.com	https://indianexpress.com/article/india/bihar-assembly-polls-date-november-22-election-commission-10289182/	11	4537	4517	4469	0	20	4448	1.03092783505155		
1266894772	20251005111500	20251005111500	1	independent.co.uk	https://www.independent.co.uk/news/world/americas/us-politics/noem-pritzker-bathroom-ice-illinois-b2839436.html	15	3187	3110	3133	1	40	3484	-4.76190476190476		
1266894773	20251005111500	20251005111500	1	neindia.com	https://neindia.com/cec-reviews-bihar-poll-preparedness-focuses-on-curbing-money-and-muscle-power/	1	289	82	239	1	60	1971	-1.01010101010101		
1266894774	20251005111500	20251005111500	1	thestatesman.com	https://www.thestatesman.com/india/cough-syrup-deaths-cdsco-to-seek-strict-against-manufacturer-doctor-arrested-in-mp-1503495068.html	4	1252	1150	1236	1	100	1433	-5.33333333333334		
1266894775	20251005111500	20251005111500	1	thestatesman.com	https://www.thestatesman.com/india/karur-tragedy-sit-commences-investigation-posters-appear-in-support-of-vijay-1503495133.html	13	2300	2386	2404	1	20	3012	-3.58565737051793		
1266894776	20251005111500	20251005111500	1	thestatesman.com	https://www.thestatesman.com/india/karur-tragedy-sit-commences-investigation-posters-appear-in-support-of-vijay-1503495133.html	13	2300	2398	2414	0	80	3012	-3.58565737051793		
1266894777	20251005111500	20251005111500	1	neindia.com	https://neindia.com/cec-reviews-bihar-poll-preparedness-focuses-on-curbing-money-and-muscle-power/	1	289	186	239	0	40	1971	-1.01010101010101		
1266876779	20251005071500	20251005111500	1	dominicanrepublicpost.com	https://dominicanrepublicpost.com/at-least-47-killed-in-nepal-as-heavy-rains-trigger-landslides-flash-floods/	13	3402	3372	3418	0	30	3511	-6.89013035381751		
1266845052	20251005000000	20251005111500	1	eastlondonadvertiser.co.uk	https://www.eastlondonadvertiser.co.uk/news/25518439.met-police-arrest-hundreds-london-palestine-action-support/	2	86	102	93	1	100	4619	-4.04858299595141		
1266862771	20251005041500	20251005111500	1	thestatesman.com	https://www.thestatesman.com/world/pakistan-afghan-cleric-shot-dead-amid-growing-violence-against-refugees-1503495092.html	3	328	380	314	0	80	2530	-14.0161725067386		
1266894778	20251005111500	20251005111500	1	independent.co.uk	https://www.independent.co.uk/news/world/americas/us-politics/noem-pritzker-bathroom-ice-illinois-b2839436.html	15	3184	3116	3130	0	10	3484	-4.76190476190476		
1266894779	20251005111500	20251005111500	1	myjoyonline.com	https://www.myjoyonline.com/girls-urged-to-take-ict-training-seriously-to-secure-future-opportunities/	2	80	-1	191	1	50	2909	3.87096774193548		
1266894780	20251005111500	20251005111500	1	mirror.co.uk	https://www.mirror.co.uk/tv/tv-news/who-stars-itvs-new-heist-35998064	7	3109	-1	3121	1	100	3862	-2.12121212121212		
1266894781	20251005111500	20251005111500	1	centralchronicle.com	https://www.centralchronicle.com/sc-grills-centre-over-blanket-blood-donation-ban-on-some-sections/	3	898	-1	961	1	100	3520	-3.57142857142857		
1266894782	20251005111500	20251005111500	1	centralchronicle.com	https://www.centralchronicle.com/sc-grills-centre-over-blanket-blood-donation-ban-on-some-sections/	3	898	-1	947	1	100	3520	-3.57142857142857		
1266894783	20251005111500	20251005111500	1	tvguide.co.uk	https://www.tvguide.co.uk/schedule/322fc66e-a418-541a-9c1c-92724a83ba38/written-in-blood	1	174	148	137	1	100	399	-7.8125		
1266894784	20251005111500	20251005111500	1	tvguide.co.uk	https://www.tvguide.co.uk/schedule/322fc66e-a418-541a-9c1c-92724a83ba38/written-in-blood	1	174	148	162	1	100	399	-7.8125		
1266892071	20251005104500	20251005111500	1	leinsterexpress.ie	https://www.leinsterexpress.ie/news/national-news/1911401/man-dies-after-fatal-assault-in-tippperary-as-gardai-launch-investigation.html	3	566	634	648	1	100	1172	-3.55329949238578		
1266892071	20251005104500	20251005111500	1	longfordleader.ie	https://www.longfordleader.ie/news/national-news/1911401/man-dies-after-fatal-assault-in-tippperary-as-gardai-launch-investigation.html	3	566	634	648	1	100	1172	-3.55329949238578		
1266894785	20251005111500	20251005111500	1	postandcourier.com	https://www.postandcourier.com/politics/sc-legislation-child-sex-crimes-lawmakers/article_5da4f674-9d72-4f03-8711-800ee57c5bb4.html	1	304	374	280	1	20	6082	-9.91820040899792		
1266894786	20251005111500	20251005111500	1	postandcourier.com	https://www.postandcourier.com/politics/sc-legislation-child-sex-crimes-lawmakers/article_5da4f674-9d72-4f03-8711-800ee57c5bb4.html	1	304	356	280	0	40	6082	-9.91820040899792		
1266894787	20251005111500	20251005111500	1	postandcourier.com	https://www.postandcourier.com/politics/sc-legislation-child-sex-crimes-lawmakers/article_5da4f674-9d72-4f03-8711-800ee57c5bb4.html	1	304	382	280	0	40	6082	-9.91820040899792		
1266886956	20251005094500	20251005111500	1	thestatesman.com	https://www.thestatesman.com/india/bihar-assembly-elections-2025-to-be-held-before-nov-22-cec-gyanesh-kumar-1503495149.html	10	1245	-1	1264	0	40	2738	4.81651376146789		
1266844687	20251005000000	20251005111500	1	leinsterexpress.ie	https://www.leinsterexpress.ie/news/local-news/1910423/carbon-copy-response-on-road-safety-works-at-laois-village.html	7	1244	-1	1264	1	100	1831	0		
1266894788	20251005111500	20251005111500	1	dailymail.co.uk	https://www.dailymail.co.uk/news/article-15163715/Croydon-Park-shooting-Sydney.html	10	1350	-1	1370	1	100	2914	-4.40251572327044		
1266879064	20251005074500	20251005111500	1	thestatesman.com	https://www.thestatesman.com/india/bihar-assembly-elections-2025-to-be-held-before-nov-22-cec-gyanesh-kumar-1503495149.html	7	988	-1	972	1	100	2738	4.81651376146789		
1266882099	20251005084500	20251005111500	1	dailymail.co.uk	https://www.dailymail.co.uk/shopping-au/article-15120637/The-travel-bag-hidden-features-thats-voted-Australias-best-brilliant.html	7	2033	-1	2061	1	100	4530	5.94315245478036		
1266844688	20251005000000	20251005111500	1	bayshorebroadcasting.ca	https://www.bayshorebroadcasting.ca/2025/10/05/bruce-power-donates-150k-to-upcoming-ipm/	5	896	-1	982	1	100	1186	4.66321243523316		
1266870434	20251005061500	20251005111500	1	dominicanrepublicpost.com	https://dominicanrepublicpost.com/at-least-47-killed-in-nepal-as-heavy-rains-trigger-landslides-flash-floods/	10	2537	-1	2514	1	100	3511	-6.89013035381751		
1266894789	20251005111500	20251005111500	1	wirralglobe.co.uk	https://www.wirralglobe.co.uk/news/national/25518356.mahmood-dark-forces-running-amok-synagogue-attack-raises-wider-questions/	7	961	-1	1027	1	100	5842	-4.68909276248726		
1266894789	20251005111500	20251005111500	1	wharfedaleobserver.co.uk	https://www.wharfedaleobserver.co.uk/news/national/25518356.mahmood-dark-forces-running-amok-synagogue-attack-raises-wider-questions/	7	961	-1	1027	1	100	5842	-4.68909276248726		
1266894789	20251005111500	20251005111500	1	thurrockgazette.co.uk	https://www.thurrockgazette.co.uk/news/national/25518356.mahmood-dark-forces-running-amok-synagogue-attack-raises-wider-questions/	7	961	-1	1027	1	100	5842	-4.68909276248726		
1266894789	20251005111500	20251005111500	1	stalbansreview.co.uk	https://www.stalbansreview.co.uk/news/national/25518356.mahmood-dark-forces-running-amok-synagogue-attack-raises-wider-questions/	7	961	-1	1027	1	100	5842	-4.68909276248726		
1266845080	20251005000000	20251005111500	1	bayshorebroadcasting.ca	https://www.bayshorebroadcasting.ca/2025/10/05/bruce-power-donates-150k-to-upcoming-ipm/	5	896	-1	1021	1	100	1186	4.66321243523316		
1266886960	20251005094500	20251005111500	1	thestatesman.com	https://www.thestatesman.com/india/bihar-assembly-elections-2025-to-be-held-before-nov-22-cec-gyanesh-kumar-1503495149.html	10	1245	-1	1333	0	40	2738	4.81651376146789		
1266894790	20251005111500	20251005111500	1	sanmarcosrecord.com	https://www.sanmarcosrecord.com/article/31470,golden-age-home-hosts-health-fair	2	77	-1	68	0	60	1943	11.6504854368932		
1266894791	20251005111500	20251005111500	1	sanmarcosrecord.com	https://www.sanmarcosrecord.com/article/31470,golden-age-home-hosts-health-fair	2	77	-1	68	1	40	1943	11.6504854368932		
1266894792	20251005111500	20251005111500	1	centralchronicle.com	https://www.centralchronicle.com/pm-modi-to-unveil-projects-worth-over-rs-36000-crore-in-wb-bihar-on-sept-15/	10	3386	-1	3407	1	50	3421	1.98412698412698		
1266845087	20251005000000	20251005111500	1	independent.co.uk	https://www.independent.co.uk/news/world/americas/us-politics/noem-pritzker-bathroom-ice-illinois-b2839436.html	4	684	-1	742	1	20	3484	-4.76190476190476		
1266894793	20251005111500	20251005111500	1	dailymail.co.uk	https://www.dailymail.co.uk/femail/article-15158355/I-escaped-country-regretted-life-dull-Hackney-hipster-bought-2m-cottage-hope-joining-Surrey-elite-soon-realised-food-bland-people-boring-theres-do.html	7	1907	-1	1885	1	100	6995	-1.67197452229299		
1266869456	20251005060000	20251005111500	1	wbaa.org	https://www.wbaa.org/2025-10-05/what-to-expect-as-syria-holds-first-parliamentary-elections-since-assads-ouster	15	6121	6140	6174	1	50	7312	-2.41796200345423		
1266869456	20251005060000	20251005111500	1	kunm.org	https://www.kunm.org/npr-news/2025-10-05/what-to-expect-as-syria-holds-first-parliamentary-elections-since-assads-ouster	15	6121	6140	6174	1	50	7312	-2.41796200345423		
1266869456	20251005060000	20251005111500	1	delawarepublic.org	https://www.delawarepublic.org/npr-headlines/2025-10-05/what-to-expect-as-syria-holds-first-parliamentary-elections-since-assads-ouster	15	6121	6140	6174	1	50	7312	-2.41796200345423		
1266869456	20251005060000	20251005111500	1	wpsu.org	https://radio.wpsu.org/2025-10-05/what-to-expect-as-syria-holds-first-parliamentary-elections-since-assads-ouster	15	6121	6140	6174	1	50	7312	-2.41796200345423		
1266869456	20251005060000	20251005111500	1	kpcw.org	https://www.kpcw.org/npr-top-stories/2025-10-05/what-to-expect-as-syria-holds-first-parliamentary-elections-since-assads-ouster	15	6121	6140	6174	1	50	7312	-2.41796200345423		
1266894794	20251005111500	20251005111500	1	postandcourier.com	https://www.postandcourier.com/news/special_reports/russian-investors-palmetto-bluff-sc-owe-taxes-sanctions/article_27067971-76c6-4e09-b054-ef6dae233d87.html	1	280	0	365	0	20	4781	-5.15603799185889		
1266894795	20251005111500	20251005111500	1	postandcourier.com	https://www.postandcourier.com/news/special_reports/russian-investors-palmetto-bluff-sc-owe-taxes-sanctions/article_27067971-76c6-4e09-b054-ef6dae233d87.html	1	195	0	276	1	60	4781	-5.15603799185889		
1266845106	20251005000000	20251005111500	1	independent.co.uk	https://www.independent.co.uk/news/world/americas/us-politics/noem-pritzker-bathroom-ice-illinois-b2839436.html	4	684	713	765	0	20	3484	-4.76190476190476		
1266894796	20251005111500	20251005111500	1	independent.co.uk	https://www.independent.co.uk/news/world/americas/us-politics/noem-pritzker-bathroom-ice-illinois-b2839436.html	4	684	713	765	0	20	3484	-4.76190476190476		
1266894797	20251005111500	20251005111500	1	independent.co.uk	https://www.independent.co.uk/news/world/americas/us-politics/noem-pritzker-bathroom-ice-illinois-b2839436.html	3	528	571	501	1	20	3484	-4.76190476190476		
1266845108	20251005000000	20251005111500	1	independent.co.uk	https://www.independent.co.uk/news/world/americas/us-politics/noem-pritzker-bathroom-ice-illinois-b2839436.html	3	528	557	501	0	10	3484	-4.76190476190476		
1266845109	20251005000000	20251005111500	1	independent.co.uk	https://www.independent.co.uk/news/world/americas/us-politics/noem-pritzker-bathroom-ice-illinois-b2839436.html	3	528	-1	501	0	20	3484	-4.76190476190476		
1266845110	20251005000000	20251005111500	1	independent.co.uk	https://www.independent.co.uk/news/world/americas/us-politics/noem-pritzker-bathroom-ice-illinois-b2839436.html	3	528	-1	501	0	10	3484	-4.76190476190476		
1266869459	20251005060000	20251005111500	1	kpcw.org	https://www.kpcw.org/npr-top-stories/2025-10-05/what-to-expect-as-syria-holds-first-parliamentary-elections-since-assads-ouster	15	6121	6152	6174	1	50	7312	-2.41796200345423		
1266869459	20251005060000	20251005111500	1	wpsu.org	https://radio.wpsu.org/2025-10-05/what-to-expect-as-syria-holds-first-parliamentary-elections-since-assads-ouster	15	6121	6152	6174	1	50	7312	-2.41796200345423		
1266869459	20251005060000	20251005111500	1	delawarepublic.org	https://www.delawarepublic.org/npr-headlines/2025-10-05/what-to-expect-as-syria-holds-first-parliamentary-elections-since-assads-ouster	15	6121	6152	6174	1	50	7312	-2.41796200345423		
1266869459	20251005060000	20251005111500	1	wbaa.org	https://www.wbaa.org/2025-10-05/what-to-expect-as-syria-holds-first-parliamentary-elections-since-assads-ouster	15	6121	6152	6174	1	50	7312	-2.41796200345423		
1266869459	20251005060000	20251005111500	1	kunm.org	https://www.kunm.org/npr-news/2025-10-05/what-to-expect-as-syria-holds-first-parliamentary-elections-since-assads-ouster	15	6121	6152	6174	1	50	7312	-2.41796200345423		
1266883884	20251005084500	20251005111500	1	sanfordherald.com	https://www.sanfordherald.com/news/national/babis-pledges-loyalty-to-europe-as-czech-government-talks-begin/article_cd764ac9-77e0-5c7c-b010-2f6c9f335067.html	14	3084	-1	3186	1	60	4135	0.72463768115942		
1266869461	20251005060000	20251005111500	1	sanfordherald.com	https://www.sanfordherald.com/news/national/babis-pledges-loyalty-to-europe-as-czech-government-talks-begin/article_cd764ac9-77e0-5c7c-b010-2f6c9f335067.html	13	2877	2916	2983	0	20	4135	0.72463768115942		
1266886968	20251005094500	20251005111500	1	sanfordherald.com	https://www.sanfordherald.com/news/national/babis-pledges-loyalty-to-europe-as-czech-government-talks-begin/article_cd764ac9-77e0-5c7c-b010-2f6c9f335067.html	2	73	187	166	1	30	4135	0.72463768115942		
1266894798	20251005111500	20251005111500	1	hurriyetdailynews.com	https://www.hurriyetdailynews.com/populist-billionaire-babis-wins-czech-general-election-214326	2	379	512	408	0	20	1832	5.03355704697987		
1266894799	20251005111500	20251005111500	1	hurriyetdailynews.com	https://www.hurriyetdailynews.com/populist-billionaire-babis-wins-czech-general-election-214326	2	395	528	424	0	20	1832	5.03355704697987		
1266869464	20251005060000	20251005111500	1	hurriyetdailynews.com	https://www.hurriyetdailynews.com/populist-billionaire-babis-wins-czech-general-election-214326	2	379	523	408	0	40	1832	5.03355704697987		
1266848297	20251005003000	20251005111500	1	tvguide.co.uk	https://www.tvguide.co.uk/schedule/c830cf25-e50e-55a8-970b-0ab98a876e1a/the-great-british-bake-off	2	535	-1	526	1	100	825	0.729927007299271		
1266894800	20251005111500	20251005111500	1	thestatesman.com	https://www.thestatesman.com/world/cautious-optimism-grips-both-gaza-and-israel-as-peace-deal-gains-traction-1503495117.html	7	1291	-1	1324	1	80	3192	-3.90946502057613		
1266847925	20251005000000	20251005111500	1	thestatesman.com	https://www.thestatesman.com/world/cautious-optimism-grips-both-gaza-and-israel-as-peace-deal-gains-traction-1503495117.html	7	1307	1326	1371	0	10	3192	-3.90946502057613		
1266894801	20251005111500	20251005111500	1	thestatesman.com	https://www.thestatesman.com/world/cautious-optimism-grips-both-gaza-and-israel-as-peace-deal-gains-traction-1503495117.html	9	1915	1780	1953	0	20	3192	-3.90946502057613		
1266894802	20251005111500	20251005111500	1	thestatesman.com	https://www.thestatesman.com/world/cautious-optimism-grips-both-gaza-and-israel-as-peace-deal-gains-traction-1503495117.html	9	1899	1780	1932	1	80	3192	-3.90946502057613		
1266894803	20251005111500	20251005111500	1	leadership.ng	https://leadership.ng/denmark-raises-support-for-afdbs-development-fund/	13	1903	2004	1939	1	100	2048	6.12244897959183		
1266894804	20251005111500	20251005111500	1	leadership.ng	https://leadership.ng/denmark-raises-support-for-afdbs-development-fund/	13	1903	2004	1917	1	100	2048	6.12244897959183		
1266894805	20251005111500	20251005111500	1	leadership.ng	https://leadership.ng/denmark-raises-support-for-afdbs-development-fund/	2	51	90	63	1	100	2048	6.12244897959183		
1266894806	20251005111500	20251005111500	1	leadership.ng	https://leadership.ng/denmark-raises-support-for-afdbs-development-fund/	5	475	589	552	1	100	2048	6.12244897959183		
1266854321	20251005011500	20251005111500	1	desiblitz.com	https://www.desiblitz.com/content/why-university-is-often-the-first-place-south-asians-come-out	3	688	-1	836	1	50	5629	5.64617314930994		
1266894807	20251005111500	20251005111500	1	myjoyonline.com	https://www.myjoyonline.com/girls-urged-to-take-ict-training-seriously-to-secure-future-opportunities/	3	717	-1	779	1	60	2909	3.87096774193548		
1266894808	20251005111500	20251005111500	1	myjoyonline.com	https://www.myjoyonline.com/girls-urged-to-take-ict-training-seriously-to-secure-future-opportunities/	3	717	-1	623	1	60	2909	3.87096774193548		
1266894809	20251005111500	20251005111500	1	sanmarcosrecord.com	https://www.sanmarcosrecord.com/article/31466,union-says-professor-s-reinstatement-triggers-need-to-review-damphousse-decisions	3	1001	-1	1036	1	60	1736	-6.06060606060606		
1266894810	20251005111500	20251005111500	1	mirror.co.uk	https://www.mirror.co.uk/tv/tv-news/5-shows-lincoln-lawyer-fans-36016465	5	2344	-1	2468	1	100	4100	0.1497005988024		
1266894811	20251005111500	20251005111500	1	businessinsider.com	https://www.businessinsider.com/homeschooled-student-loans-college-pros-cons-successful-2025-9	4	1205	-1	1387	1	60	5128	-1.07398568019093		
1266894812	20251005111500	20251005111500	1	businessinsider.com	https://www.businessinsider.com/homeschooled-student-loans-college-pros-cons-successful-2025-9	4	1205	-1	1387	0	40	5128	-1.07398568019093		
1266894813	20251005111500	20251005111500	1	thestatesman.com	https://www.thestatesman.com/india/tedx-dikshant-inspires-young-minds-with-ideas-worth-spreading-1503495176.html	1	78	-1	98	1	100	3429	5.53435114503817		
1266857067	20251005020000	20251005111500	1	desiblitz.com	https://www.desiblitz.com/content/why-university-is-often-the-first-place-south-asians-come-out	3	688	-1	699	1	50	5629	5.64617314930994		
1266849927	20251005004500	20251005111500	1	desiblitz.com	https://www.desiblitz.com/content/why-university-is-often-the-first-place-south-asians-come-out	3	688	-1	785	1	50	5629	5.64617314930994		
1266858094	20251005024500	20251005111500	1	desiblitz.com	https://www.desiblitz.com/content/why-university-is-often-the-first-place-south-asians-come-out	9	4274	-1	4215	1	50	5629	5.64617314930994		
1266894814	20251005111500	20251005111500	1	sanmarcosrecord.com	https://www.sanmarcosrecord.com/article/31463,sma-hosts-photographer-michael-o-brien-names-wittliff-stem-scholars	4	536	-1	623	1	100	3431	4.46601941747573		
1266894815	20251005111500	20251005111500	1	businessinsider.com	https://www.businessinsider.com/homeschooled-student-loans-college-pros-cons-successful-2025-9	1	316	343	338	1	30	5128	-1.07398568019093		
1266847088	20251005001500	20251005111500	1	wpsu.org	https://radio.wpsu.org/2025-10-04/largest-us-lutheran-denomination-installs-first-black-presiding-bishop	8	2500	2475	2466	1	70	5591	1.42231947483589		
1266869477	20251005060000	20251005111500	1	sanfordherald.com	https://www.sanfordherald.com/news/national/babis-pledges-loyalty-to-europe-as-czech-government-talks-begin/article_cd764ac9-77e0-5c7c-b010-2f6c9f335067.html	13	2911	2950	2957	1	50	4135	0.72463768115942		
1266894816	20251005111500	20251005111500	1	wfmj.com	https://www.wfmj.com/story/53135914/ap-reader-question-have-agencies-violated-the-hatch-act-by-using-democrat-blaming-language-online	4	626	593	663	1	50	1530	-5.50847457627119		
1266894817	20251005111500	20251005111500	1	desiblitz.com	https://www.desiblitz.com/content/why-university-is-often-the-first-place-south-asians-come-out	8	3415	3459	3476	1	100	5629	5.64617314930994		
1266894818	20251005111500	20251005111500	1	wfmj.com	https://www.wfmj.com/story/53135914/ap-reader-question-have-agencies-violated-the-hatch-act-by-using-democrat-blaming-language-online	4	625	574	684	0	20	1530	-5.50847457627119		
1266888925	20251005094500	20251005111500	1	businessinsider.com	https://www.businessinsider.com/homeschooled-student-loans-college-pros-cons-successful-2025-9	9	2942	2901	2924	0	30	5128	-1.07398568019093		
1266877496	20251005074500	20251005111500	1	go.com	https://abcnews.go.com/International/wireStory/indonesian-rescuers-search-missing-students-after-school-collapse-126225583	8	1682	1794	1789	1	50	2937	-1.77383592017738		
1266894819	20251005111500	20251005111500	1	wtov9.com	https://wtov9.com/news/local/madonna-high-school-students-raise-funds-for-cancer-patients	1	13	-1	35	1	100	769	0		
1266894820	20251005111500	20251005111500	1	sanmarcosrecord.com	https://www.sanmarcosrecord.com/article/31466,union-says-professor-s-reinstatement-triggers-need-to-review-damphousse-decisions	2	831	-1	855	0	20	1736	-6.06060606060606		
1266894821	20251005111500	20251005111500	1	sanmarcosrecord.com	https://www.sanmarcosrecord.com/article/31466,union-says-professor-s-reinstatement-triggers-need-to-review-damphousse-decisions	2	831	-1	855	1	30	1736	-6.06060606060606		
1266894822	20251005111500	20251005111500	1	sanmarcosrecord.com	https://www.sanmarcosrecord.com/article/31466,union-says-professor-s-reinstatement-triggers-need-to-review-damphousse-decisions	2	831	-1	855	0	20	1736	-6.06060606060606		
1266894823	20251005111500	20251005111500	1	sanmarcosrecord.com	https://www.sanmarcosrecord.com/article/31466,union-says-professor-s-reinstatement-triggers-need-to-review-damphousse-decisions	2	831	-1	855	1	30	1736	-6.06060606060606		
1266871477	20251005063000	20251005111500	1	israelherald.com	http://www.israelherald.com/news/278618202/trump-sends-kushner-witkoff-to-egypt-to-help-broker-gaza-deal	2	85	254	225	0	10	2170	-1.93370165745856		
1266871478	20251005063000	20251005111500	1	israelherald.com	http://www.israelherald.com/news/278618202/trump-sends-kushner-witkoff-to-egypt-to-help-broker-gaza-deal	2	85	248	225	0	10	2170	-1.93370165745856		
1266858101	20251005024500	20251005111500	1	sanfordherald.com	https://www.sanfordherald.com/news/national/negotiators-due-in-cairo-for-gaza-ceasefire-hostage-release-talks/article_170fd171-949f-5fa6-81c3-2d81898f9d32.html	1	19	29	12	0	10	4558	-5.37634408602151		
1266858102	20251005024500	20251005111500	1	sanfordherald.com	https://www.sanfordherald.com/news/national/negotiators-due-in-cairo-for-gaza-ceasefire-hostage-release-talks/article_170fd171-949f-5fa6-81c3-2d81898f9d32.html	1	19	59	12	0	30	4558	-5.37634408602151		
1266871481	20251005063000	20251005111500	1	israelherald.com	http://www.israelherald.com/news/278618202/trump-sends-kushner-witkoff-to-egypt-to-help-broker-gaza-deal	3	363	493	509	0	10	2170	-1.93370165745856		
1266857407	20251005023000	20251005111500	1	israelherald.com	http://www.israelherald.com/news/278618202/trump-sends-kushner-witkoff-to-egypt-to-help-broker-gaza-deal	3	413	565	581	0	10	2170	-1.93370165745856		
1266871484	20251005063000	20251005111500	1	israelherald.com	http://www.israelherald.com/news/278618202/trump-sends-kushner-witkoff-to-egypt-to-help-broker-gaza-deal	1	52	73	66	0	20	2170	-1.93370165745856		
1266858110	20251005024500	20251005111500	1	israelherald.com	http://www.israelherald.com/news/278618202/trump-sends-kushner-witkoff-to-egypt-to-help-broker-gaza-deal	11	1675	-1	-1	0	20	2170	-1.93370165745856		
1266858110	20251005024500	20251005111500	1	sanfordherald.com	https://www.sanfordherald.com/news/national/negotiators-due-in-cairo-for-gaza-ceasefire-hostage-release-talks/article_170fd171-949f-5fa6-81c3-2d81898f9d32.html	1	19	29	12	1	10	4558	-5.37634408602151		
1266871485	20251005063000	20251005111500	1	israelherald.com	http://www.israelherald.com/news/278618202/trump-sends-kushner-witkoff-to-egypt-to-help-broker-gaza-deal	11	1667	1780	1740	0	20	2170	-1.93370165745856		
1266871486	20251005063000	20251005111500	1	israelherald.com	http://www.israelherald.com/news/278618202/trump-sends-kushner-witkoff-to-egypt-to-help-broker-gaza-deal	1	52	73	66	1	10	2170	-1.93370165745856		
1266884536	20251005091500	20251005111500	1	al-monitor.com	https://www.al-monitor.com/originals/2025/10/israel-strikes-gaza-palestinians-pin-hopes-trumps-gaza-plan	16	-1	-1	-1	0	10	4947	-6.47571606475716		
1266884537	20251005091500	20251005111500	1	al-monitor.com	https://www.al-monitor.com/originals/2025/10/israel-strikes-gaza-palestinians-pin-hopes-trumps-gaza-plan	16	-1	-1	-1	0	10	4947	-6.47571606475716		
1266894824	20251005111500	20251005111500	1	independent.co.uk	https://www.independent.co.uk/news/world/americas/hamas-israel-donald-trump-benjamin-netanyahu-palestinians-b2839465.html	27	4287	4308	4299	0	20	5473	-3.40909090909091		
1266871488	20251005063000	20251005111500	1	israelherald.com	http://www.israelherald.com/news/278618202/trump-sends-kushner-witkoff-to-egypt-to-help-broker-gaza-deal	11	1667	1743	1716	0	40	2170	-1.93370165745856		
1266871489	20251005063000	20251005111500	1	israelherald.com	http://www.israelherald.com/news/278618202/trump-sends-kushner-witkoff-to-egypt-to-help-broker-gaza-deal	14	2145	2211	2228	1	80	2170	-1.93370165745856		
1266868691	20251005054500	20251005111500	1	israelherald.com	http://www.israelherald.com/news/278618202/trump-sends-kushner-witkoff-to-egypt-to-help-broker-gaza-deal	14	2145	2211	2228	0	20	2170	-1.93370165745856		
1266871490	20251005063000	20251005111500	1	israelherald.com	http://www.israelherald.com/news/278618202/trump-sends-kushner-witkoff-to-egypt-to-help-broker-gaza-deal	11	1667	1746	1719	1	20	2170	-1.93370165745856		
1266894825	20251005111500	20251005111500	1	thenationonlineng.net	https://thenationonlineng.net/teachers-day-2025-they-are-real-heroes-says-first-lady-tinubu/	1	122	-1	157	1	60	1644	4.296875		
1266894826	20251005111500	20251005111500	1	thenationonlineng.net	https://thenationonlineng.net/teachers-day-2025-they-are-real-heroes-says-first-lady-tinubu/	2	326	-1	337	1	50	1644	4.296875		
1266847832	20251005000000	20251005111500	1	hindustantimes.com	https://www.hindustantimes.com/entertainment/tamil-cinema/rajinikanth-takes-a-spiritual-break-in-rishikesh-eats-food-from-pattal-on-a-roadside-see-pics-101759656357316.html	3	807	-1	813	1	50	1926	8.38509316770186		
1266860280	20251005030000	20251005111500	1	mathrubhumi.com	https://english.mathrubhumi.com/movies-music/news/arbaaz-khan-sshura-baby-mumbai-d9o5t69s	1	70	-1	127	0	40	738	4.61538461538462		
1266894827	20251005111500	20251005111500	1	indiatimes.com	https://timesofindia.indiatimes.com/entertainment/hindi/bollywood/news/arhaan-khan-and-sohail-khan-reach-hospital-as-arbaaz-khan-and-sshura-khan-welcome-baby-girl-watch/articleshow/124319633.cms	11	1941	1969	1960	1	30	2516	5.80046403712297		
1266894828	20251005111500	20251005111500	1	thenationonlineng.net	https://thenationonlineng.net/teachers-day-2025-they-are-real-heroes-says-first-lady-tinubu/	1	122	141	153	0	40	1644	4.296875		
1266889599	20251005101500	20251005111500	1	al-monitor.com	https://www.al-monitor.com/originals/2025/10/eight-arrested-20-police-hurt-clashes-spanish-palestine-march	2	69	115	102	1	100	1101	-6.62983425414365		
1266889600	20251005101500	20251005111500	1	al-monitor.com	https://www.al-monitor.com/originals/2025/10/eight-arrested-20-police-hurt-clashes-spanish-palestine-march	4	850	760	763	0	20	1101	-6.62983425414365		
1266889601	20251005101500	20251005111500	1	al-monitor.com	https://www.al-monitor.com/originals/2025/10/eight-arrested-20-police-hurt-clashes-spanish-palestine-march	4	820	870	865	1	30	1101	-6.62983425414365		
1266889602	20251005101500	20251005111500	1	al-monitor.com	https://www.al-monitor.com/originals/2025/10/eight-arrested-20-police-hurt-clashes-spanish-palestine-march	4	820	730	738	1	30	1101	-6.62983425414365		
1266894829	20251005111500	20251005111500	1	scmp.com	https://www.scmp.com/news/hong-kong/politics/article/3327924/legco-delegations-shun-west-4-years-first-hong-kong-handover	1	130	86	106	1	100	1138	-1.52284263959391		
1266894830	20251005111500	20251005111500	1	go.com	https://abcnews.go.com/International/wireStory/balloons-carrying-smuggled-cigarettes-lithuania-closed-vilnius-airport-126226422	2	690	736	709	0	20	2215	-5.42168674698796		
1266845215	20251005000000	20251005111500	1	yakimaherald.com	https://www.yakimaherald.com/news/nation_and_world/world/vivienne-westwood-brings-beauty-from-chaos-and-dying-sunflowers-in-paris/article_d75f925f-198b-54f5-b5ea-3ab70a90c5d9.html	5	2104	-1	2218	0	40	2787	-4.48430493273543		
1266894831	20251005111500	20251005111500	1	tvguide.co.uk	https://www.tvguide.co.uk/schedule/04cdf2b9-356f-5829-b932-74c967538781/the-six-million-dollar-man	1	246	-1	151	1	100	562	-3.19148936170212		
1266873903	20251005070000	20251005111500	1	yakimaherald.com	https://www.yakimaherald.com/news/nation_and_world/world/vivienne-westwood-brings-beauty-from-chaos-and-dying-sunflowers-in-paris/article_d75f925f-198b-54f5-b5ea-3ab70a90c5d9.html	2	860	-1	847	0	20	2787	-4.48430493273543		
1266850740	20251005003000	20251005111500	1	yakimaherald.com	https://www.yakimaherald.com/news/nation_and_world/world/vivienne-westwood-brings-beauty-from-chaos-and-dying-sunflowers-in-paris/article_d75f925f-198b-54f5-b5ea-3ab70a90c5d9.html	6	2489	-1	2584	0	40	2787	-4.48430493273543		
1266871499	20251005063000	20251005111500	1	israelherald.com	http://www.israelherald.com/news/278618202/trump-sends-kushner-witkoff-to-egypt-to-help-broker-gaza-deal	9	1482	1508	1489	0	20	2170	-1.93370165745856		
1266871500	20251005063000	20251005111500	1	israelherald.com	http://www.israelherald.com/news/278618202/trump-sends-kushner-witkoff-to-egypt-to-help-broker-gaza-deal	9	1466	1492	1473	0	20	2170	-1.93370165745856		
1266871501	20251005063000	20251005111500	1	israelherald.com	http://www.israelherald.com/news/278618202/trump-sends-kushner-witkoff-to-egypt-to-help-broker-gaza-deal	1	16	102	95	0	10	2170	-1.93370165745856		
1266871502	20251005063000	20251005111500	1	israelherald.com	http://www.israelherald.com/news/278618202/trump-sends-kushner-witkoff-to-egypt-to-help-broker-gaza-deal	1	0	52	45	0	10	2170	-1.93370165745856		
1266867873	20251005053000	20251005111500	1	cambrian-news.co.uk	https://www.cambrian-news.co.uk/news/gwynedd-council-parenting-podcast-highlights-importance-of-childrens-sleep-837838	1	157	-1	192	1	100	448	1.28205128205128		
1266894832	20251005111500	20251005111500	1	kentonline.co.uk	https://www.kentonline.co.uk/news/national/home-secretary-disappointed-at-collapse-of-chinese-spying-case-156125/	13	2606	-1	2705	0	10	3599	-6.97278911564626		
1266894833	20251005111500	20251005111500	1	kentonline.co.uk	https://www.kentonline.co.uk/news/national/home-secretary-disappointed-at-collapse-of-chinese-spying-case-156125/	13	2557	-1	2705	0	10	3599	-6.97278911564626		
1266894834	20251005111500	20251005111500	1	cambrian-news.co.uk	https://www.cambrian-news.co.uk/news/gwynedd-council-parenting-podcast-highlights-importance-of-childrens-sleep-837838	2	492	-1	478	1	100	448	1.28205128205128		
1266894835	20251005111500	20251005111500	1	walesonline.co.uk	https://www.walesonline.co.uk/news/wales-news/american-tiktok-star-visits-north-32613770	2	416	-1	394	1	100	1194	3.16742081447964		
1266847148	20251005001500	20251005111500	1	dailymail.co.uk	https://www.dailymail.co.uk/femail/article-15158355/I-escaped-country-regretted-life-dull-Hackney-hipster-bought-2m-cottage-hope-joining-Surrey-elite-soon-realised-food-bland-people-boring-theres-do.html	11	-1	-1	-1	0	20	6995	-1.67197452229299		
1266847148	20251005001500	20251005111500	1	businessinsider.com	https://www.businessinsider.com/quiet-quitting-made-my-work-burnout-worse-2025-10	4	657	-1	603	1	100	4086	-3.29218106995884		
1266894836	20251005111500	20251005111500	1	dailymail.co.uk	https://www.dailymail.co.uk/femail/article-15158355/I-escaped-country-regretted-life-dull-Hackney-hipster-bought-2m-cottage-hope-joining-Surrey-elite-soon-realised-food-bland-people-boring-theres-do.html	12	-1	-1	3776	0	10	6995	-1.67197452229299		
1266894837	20251005111500	20251005111500	1	irishexaminer.com	https://www.irishexaminer.com/farming/arid-41717601.html	17	5423	-1	5403	1	100	6466	0.59726962457338		
1266894838	20251005111500	20251005111500	1	dailymail.co.uk	https://www.dailymail.co.uk/femail/article-15158355/I-escaped-country-regretted-life-dull-Hackney-hipster-bought-2m-cottage-hope-joining-Surrey-elite-soon-realised-food-bland-people-boring-theres-do.html	11	3765	-1	3668	0	60	6995	-1.67197452229299		
1266894839	20251005111500	20251005111500	1	dailymail.co.uk	https://www.dailymail.co.uk/femail/article-15158355/I-escaped-country-regretted-life-dull-Hackney-hipster-bought-2m-cottage-hope-joining-Surrey-elite-soon-realised-food-bland-people-boring-theres-do.html	12	3873	-1	3776	0	50	6995	-1.67197452229299		
1266887002	20251005094500	20251005111500	1	wirralglobe.co.uk	https://www.wirralglobe.co.uk/news/national/25518356.mahmood-dark-forces-running-amok-synagogue-attack-raises-wider-questions/	25	5468	-1	5437	0	40	5842	-4.68909276248726		
1266887002	20251005094500	20251005111500	1	thurrockgazette.co.uk	https://www.thurrockgazette.co.uk/news/national/25518356.mahmood-dark-forces-running-amok-synagogue-attack-raises-wider-questions/	25	5468	-1	5437	0	40	5842	-4.68909276248726		
1266887002	20251005094500	20251005111500	1	wharfedaleobserver.co.uk	https://www.wharfedaleobserver.co.uk/news/national/25518356.mahmood-dark-forces-running-amok-synagogue-attack-raises-wider-questions/	25	5468	-1	5437	0	40	5842	-4.68909276248726		
1266887002	20251005094500	20251005111500	1	stalbansreview.co.uk	https://www.stalbansreview.co.uk/news/national/25518356.mahmood-dark-forces-running-amok-synagogue-attack-raises-wider-questions/	25	5468	-1	5437	0	40	5842	-4.68909276248726		
1266888348	20251005100000	20251005111500	1	nme.com	https://www.nme.com/news/music/d-block-europe-announce-new-album-ptsd-2-and-announce-winter-2025-uk-and-ireland-arena-tour-3897215	2	329	-1	431	1	40	2132	-0.27472527472527		
1266894840	20251005111500	20251005111500	1	nme.com	https://www.nme.com/news/music/d-block-europe-announce-new-album-ptsd-2-and-announce-winter-2025-uk-and-ireland-arena-tour-3897215	2	329	-1	439	0	10	2132	-0.27472527472527		
1266849965	20251005004500	20251005111500	1	walesonline.co.uk	https://www.walesonline.co.uk/news/wales-news/rail-firm-ordered-pay-1m-32613965	7	2648	-1	2675	0	20	3210	-3.74531835205993		
1266894841	20251005111500	20251005111500	1	kentonline.co.uk	https://www.kentonline.co.uk/news/national/every-tory-candidate-must-back-leaving-echr-says-badenoch-156127/	6	969	-1	1094	0	40	3207	-1.28676470588235		
1266894842	20251005111500	20251005111500	1	miningmx.com	https://www.miningmx.com/trending/62642-london-no-longer-a-hub-for-big-mining-finance/	2	529	551	537	1	30	2022	-0.64724919093852		
1266894843	20251005111500	20251005111500	1	miningmx.com	https://www.miningmx.com/trending/62642-london-no-longer-a-hub-for-big-mining-finance/	2	529	551	537	1	70	2022	-0.64724919093852		
1266892151	20251005104500	20251005111500	1	eastlondonadvertiser.co.uk	https://www.eastlondonadvertiser.co.uk/news/25518439.met-police-arrest-hundreds-london-palestine-action-support/	1	30	4	0	1	100	4619	-4.04858299595141		
1266894844	20251005111500	20251005111500	1	albawaba.com	https://www.albawaba.com/news/uk-mosque-torched-suspected-islamophobic-1613768	2	741	840	767	1	70	1763	-10.0719424460432		
1266889634	20251005101500	20251005111500	1	albawaba.com	https://www.albawaba.com/news/uk-mosque-torched-suspected-islamophobic-1613768	2	741	840	767	1	90	1763	-10.0719424460432		
1266894845	20251005111500	20251005111500	1	tvguide.co.uk	https://www.tvguide.co.uk/schedule/322fc66e-a418-541a-9c1c-92724a83ba38/written-in-blood	1	148	174	137	1	100	399	-7.8125		
1266894846	20251005111500	20251005111500	1	albawaba.com	https://www.albawaba.com/news/uk-mosque-torched-suspected-islamophobic-1613768	6	1619	1720	1634	0	40	1763	-10.0719424460432		
1266894847	20251005111500	20251005111500	1	kentonline.co.uk	https://www.kentonline.co.uk/news/national/home-secretary-disappointed-at-collapse-of-chinese-spying-case-156125/	3	520	608	553	0	10	3599	-6.97278911564626		
1266894848	20251005111500	20251005111500	1	kentonline.co.uk	https://www.kentonline.co.uk/news/national/home-secretary-disappointed-at-collapse-of-chinese-spying-case-156125/	3	520	608	542	0	10	3599	-6.97278911564626		
1266894849	20251005111500	20251005111500	1	kentonline.co.uk	https://www.kentonline.co.uk/news/national/home-secretary-disappointed-at-collapse-of-chinese-spying-case-156125/	3	520	632	553	0	10	3599	-6.97278911564626		
1266845238	20251005000000	20251005111500	1	eastlondonadvertiser.co.uk	https://www.eastlondonadvertiser.co.uk/news/25518439.met-police-arrest-hundreds-london-palestine-action-support/	17	3576	3552	3610	0	10	4619	-4.04858299595141		
1266894850	20251005111500	20251005111500	1	kentonline.co.uk	https://www.kentonline.co.uk/news/national/home-secretary-disappointed-at-collapse-of-chinese-spying-case-156125/	3	520	632	542	0	10	3599	-6.97278911564626		
1266894851	20251005111500	20251005111500	1	kentonline.co.uk	https://www.kentonline.co.uk/news/national/home-secretary-disappointed-at-collapse-of-chinese-spying-case-156125/	3	502	564	534	0	50	3599	-6.97278911564626		
1266894852	20251005111500	20251005111500	1	kentonline.co.uk	https://www.kentonline.co.uk/news/national/home-secretary-disappointed-at-collapse-of-chinese-spying-case-156125/	3	502	564	527	0	50	3599	-6.97278911564626		
1266894853	20251005111500	20251005111500	1	nme.com	https://www.nme.com/news/music/d-block-europe-announce-new-album-ptsd-2-and-announce-winter-2025-uk-and-ireland-arena-tour-3897215	3	670	689	658	1	80	2132	-0.27472527472527		
1266894854	20251005111500	20251005111500	1	nme.com	https://www.nme.com/news/music/d-block-europe-announce-new-album-ptsd-2-and-announce-winter-2025-uk-and-ireland-arena-tour-3897215	3	670	689	658	0	20	2132	-0.27472527472527		
1266856603	20251005021500	20251005111500	1	wirralglobe.co.uk	https://www.wirralglobe.co.uk/news/national/25518356.mahmood-dark-forces-running-amok-synagogue-attack-raises-wider-questions/	27	5787	5766	5761	1	60	5842	-4.68909276248726		
1266856603	20251005021500	20251005111500	1	wharfedaleobserver.co.uk	https://www.wharfedaleobserver.co.uk/news/national/25518356.mahmood-dark-forces-running-amok-synagogue-attack-raises-wider-questions/	27	5787	5766	5761	1	60	5842	-4.68909276248726		
1266856603	20251005021500	20251005111500	1	thurrockgazette.co.uk	https://www.thurrockgazette.co.uk/news/national/25518356.mahmood-dark-forces-running-amok-synagogue-attack-raises-wider-questions/	27	5787	5766	5761	1	60	5842	-4.68909276248726		
1266856603	20251005021500	20251005111500	1	stalbansreview.co.uk	https://www.stalbansreview.co.uk/news/national/25518356.mahmood-dark-forces-running-amok-synagogue-attack-raises-wider-questions/	27	5787	5766	5761	1	60	5842	-4.68909276248726		
1266845261	20251005000000	20251005111500	1	wirralglobe.co.uk	https://www.wirralglobe.co.uk/news/national/25518356.mahmood-dark-forces-running-amok-synagogue-attack-raises-wider-questions/	27	5743	5767	5762	0	40	5842	-4.68909276248726		
1266845261	20251005000000	20251005111500	1	thurrockgazette.co.uk	https://www.thurrockgazette.co.uk/news/national/25518356.mahmood-dark-forces-running-amok-synagogue-attack-raises-wider-questions/	27	5743	5767	5762	0	40	5842	-4.68909276248726		
1266845261	20251005000000	20251005111500	1	wharfedaleobserver.co.uk	https://www.wharfedaleobserver.co.uk/news/national/25518356.mahmood-dark-forces-running-amok-synagogue-attack-raises-wider-questions/	27	5743	5767	5762	0	40	5842	-4.68909276248726		
1266845261	20251005000000	20251005111500	1	stalbansreview.co.uk	https://www.stalbansreview.co.uk/news/national/25518356.mahmood-dark-forces-running-amok-synagogue-attack-raises-wider-questions/	27	5743	5767	5762	0	40	5842	-4.68909276248726		
1266894855	20251005111500	20251005111500	1	miningmx.com	https://www.miningmx.com/trending/62642-london-no-longer-a-hub-for-big-mining-finance/	1	323	369	360	1	10	2022	-0.64724919093852		
1266894856	20251005111500	20251005111500	1	miningmx.com	https://www.miningmx.com/trending/62642-london-no-longer-a-hub-for-big-mining-finance/	1	323	-1	381	0	20	2022	-0.64724919093852		
1266894857	20251005111500	20251005111500	1	miningmx.com	https://www.miningmx.com/trending/62642-london-no-longer-a-hub-for-big-mining-finance/	1	323	377	368	0	20	2022	-0.64724919093852		
1266894858	20251005111500	20251005111500	1	miningmx.com	https://www.miningmx.com/trending/62642-london-no-longer-a-hub-for-big-mining-finance/	1	338	-1	381	0	20	2022	-0.64724919093852		
1266894859	20251005111500	20251005111500	1	miningmx.com	https://www.miningmx.com/trending/62642-london-no-longer-a-hub-for-big-mining-finance/	1	323	-1	376	0	40	2022	-0.64724919093852		
1266894860	20251005111500	20251005111500	1	miningmx.com	https://www.miningmx.com/trending/62642-london-no-longer-a-hub-for-big-mining-finance/	1	323	369	353	1	30	2022	-0.64724919093852		
1266894861	20251005111500	20251005111500	1	businessinsider.com	https://www.businessinsider.com/quiet-quitting-made-my-work-burnout-worse-2025-10	9	2572	2540	2559	1	80	4086	-3.29218106995884		
1266894862	20251005111500	20251005111500	1	businessinsider.com	https://www.businessinsider.com/quiet-quitting-made-my-work-burnout-worse-2025-10	9	2572	2540	2559	0	20	4086	-3.29218106995884		
1266885661	20251005093000	20251005111500	1	ksat.com	https://www.ksat.com/news/2025/10/05/uk-says-it-will-restrict-repeated-protests-after-500-arrests-at-pro-palestinian-vigil/	2	96	288	264	1	10	3216	-7.6171875		
1266885661	20251005093000	20251005111500	1	rockymounttelegram.com	https://www.rockymounttelegram.com/news/world/uk-says-it-will-restrict-repeated-protests-after-500-arrests-at-pro-palestinian-vigil/article_c500d4ae-1427-519f-bad2-d5be71a19766.html	2	96	291	267	1	10	3226	-7.58754863813227		
1266884591	20251005091500	20251005111500	1	rockymounttelegram.com	https://www.rockymounttelegram.com/news/world/uk-says-it-will-restrict-repeated-protests-after-500-arrests-at-pro-palestinian-vigil/article_c500d4ae-1427-519f-bad2-d5be71a19766.html	2	96	291	236	1	10	3226	-7.58754863813227		
1266884591	20251005091500	20251005111500	1	ksat.com	https://www.ksat.com/news/2025/10/05/uk-says-it-will-restrict-repeated-protests-after-500-arrests-at-pro-palestinian-vigil/	2	96	288	233	1	10	3216	-7.6171875		
1266894863	20251005111500	20251005111500	1	walesonline.co.uk	https://www.walesonline.co.uk/news/wales-news/american-tiktok-star-visits-north-32613770	1	189	117	167	1	100	1194	3.16742081447964		
1266845281	20251005000000	20251005111500	1	eastlondonadvertiser.co.uk	https://www.eastlondonadvertiser.co.uk/news/25518439.met-police-arrest-hundreds-london-palestine-action-support/	7	963	-1	980	1	60	4619	-4.04858299595141		
1266845282	20251005000000	20251005111500	1	eastlondonadvertiser.co.uk	https://www.eastlondonadvertiser.co.uk/news/25518439.met-police-arrest-hundreds-london-palestine-action-support/	21	4351	4330	4403	1	100	4619	-4.04858299595141		
1266845286	20251005000000	20251005111500	1	eastlondonadvertiser.co.uk	https://www.eastlondonadvertiser.co.uk/news/25518439.met-police-arrest-hundreds-london-palestine-action-support/	7	963	979	1003	0	40	4619	-4.04858299595141		
1266894864	20251005111500	20251005111500	1	biztoc.com	https://biztoc.com/x/24fda7b9359e9944	1	71	146	101	1	100	211	-7.14285714285714		
1266894865	20251005111500	20251005111500	1	kentonline.co.uk	https://www.kentonline.co.uk/news/national/home-secretary-disappointed-at-collapse-of-chinese-spying-case-156125/	14	2753	-1	2833	0	10	3599	-6.97278911564626		
1266845290	20251005000000	20251005111500	1	eastlondonadvertiser.co.uk	https://www.eastlondonadvertiser.co.uk/news/25518439.met-police-arrest-hundreds-london-palestine-action-support/	17	3561	-1	3595	0	10	4619	-4.04858299595141		
1266885668	20251005093000	20251005111500	1	ksat.com	https://www.ksat.com/news/2025/10/05/uk-says-it-will-restrict-repeated-protests-after-500-arrests-at-pro-palestinian-vigil/	11	1989	-1	2032	0	10	3216	-7.6171875		
1266885668	20251005093000	20251005111500	1	rockymounttelegram.com	https://www.rockymounttelegram.com/news/world/uk-says-it-will-restrict-repeated-protests-after-500-arrests-at-pro-palestinian-vigil/article_c500d4ae-1427-519f-bad2-d5be71a19766.html	10	1971	-1	2014	0	10	3226	-7.58754863813227		
1266845291	20251005000000	20251005111500	1	eastlondonadvertiser.co.uk	https://www.eastlondonadvertiser.co.uk/news/25518439.met-police-arrest-hundreds-london-palestine-action-support/	17	3561	-1	3576	0	10	4619	-4.04858299595141		
1266885669	20251005093000	20251005111500	1	al-monitor.com	https://www.al-monitor.com/originals/2025/10/uk-police-get-new-powers-after-latest-pro-palestinian-protest	8	1752	-1	1771	0	20	1816	-6.35451505016723		
1266894866	20251005111500	20251005111500	1	kentonline.co.uk	https://www.kentonline.co.uk/news/national/home-secretary-disappointed-at-collapse-of-chinese-spying-case-156125/	3	608	520	553	0	10	3599	-6.97278911564626		
1266894867	20251005111500	20251005111500	1	kentonline.co.uk	https://www.kentonline.co.uk/news/national/home-secretary-disappointed-at-collapse-of-chinese-spying-case-156125/	3	608	520	542	0	10	3599	-6.97278911564626		
1266894868	20251005111500	20251005111500	1	myjoyonline.com	https://www.myjoyonline.com/girls-urged-to-take-ict-training-seriously-to-secure-future-opportunities/	2	162	80	174	0	20	2909	3.87096774193548		
1266894869	20251005111500	20251005111500	1	myjoyonline.com	https://www.myjoyonline.com/girls-urged-to-take-ict-training-seriously-to-secure-future-opportunities/	3	600	700	762	0	40	2909	3.87096774193548		
1266894870	20251005111500	20251005111500	1	myjoyonline.com	https://www.myjoyonline.com/girls-urged-to-take-ict-training-seriously-to-secure-future-opportunities/	3	600	700	606	0	40	2909	3.87096774193548		
1266894871	20251005111500	20251005111500	1	longfordleader.ie	https://www.longfordleader.ie/news/local-news/1910371/longfords-biodiversity-action-plan-will-deepen-an-understanding-of-biodiversity.html	9	1745	-1	1871	1	10	3675	7.17131474103585		
1266894872	20251005111500	20251005111500	1	centralchronicle.com	https://www.centralchronicle.com/torrential-rains-landslides-batter-darjeeling-and-surrounding-areas-casualties-reported/	2	474	-1	503	1	100	3113	-8.24949698189135		
1266894873	20251005111500	20251005111500	1	hindustantimes.com	https://www.hindustantimes.com/india-news/darjeeling-landslide-news-live-updates-weather-rain-west-bengal-nepal-bhutan-101759658483533.html	2	236	-1	257	1	60	2338	-9.0659340659341		
1266894874	20251005111500	20251005111500	1	hindustantimes.com	https://www.hindustantimes.com/india-news/darjeeling-landslide-news-live-updates-weather-rain-west-bengal-nepal-bhutan-101759658483533.html	5	863	-1	893	1	60	2338	-9.0659340659341		
1266867889	20251005053000	20251005111500	1	hurriyetdailynews.com	https://www.hurriyetdailynews.com/japans-first-female-pm-but-takaichi-is-not-a-feminist-214325	4	1383	-1	1405	1	100	3051	0.20491803278688		
1266894875	20251005111500	20251005111500	1	kentonline.co.uk	https://www.kentonline.co.uk/news/national/home-secretary-disappointed-at-collapse-of-chinese-spying-case-156125/	14	2744	-1	2832	1	30	3599	-6.97278911564626		
1266847197	20251005001500	20251005111500	1	delawarepublic.org	https://www.delawarepublic.org/npr-headlines/2025-10-05/some-democrats-share-trumps-goal-of-forcing-more-homeless-people-into-medical-care	37	9720	-1	9745	1	50	12215	-3.93258426966292		
1266847197	20251005001500	20251005111500	1	wpsu.org	https://radio.wpsu.org/2025-10-05/some-democrats-share-trumps-goal-of-forcing-more-homeless-people-into-medical-care	37	9720	-1	9745	1	50	12215	-3.93258426966292		
1266847197	20251005001500	20251005111500	1	kpcw.org	https://www.kpcw.org/npr-top-stories/2025-10-04/some-democrats-share-trumps-goal-of-forcing-more-homeless-people-into-medical-care	37	9720	-1	9745	1	50	12215	-3.93258426966292		
1266847197	20251005001500	20251005111500	1	kunm.org	https://www.kunm.org/npr-news/2025-10-04/some-democrats-share-trumps-goal-of-forcing-more-homeless-people-into-medical-care	37	9720	-1	9745	1	50	12215	-3.93258426966292		
1266847197	20251005001500	20251005111500	1	wbaa.org	https://www.wbaa.org/2025-10-05/some-democrats-share-trumps-goal-of-forcing-more-homeless-people-into-medical-care	37	9720	-1	9745	1	50	12215	-3.93258426966292		
1266894876	20251005111500	20251005111500	1	postandcourier.com	https://www.postandcourier.com/politics/sc-legislation-child-sex-crimes-lawmakers/article_5da4f674-9d72-4f03-8711-800ee57c5bb4.html	9	2015	-1	2053	1	60	6082	-9.91820040899792		
1266879748	20251005081500	20251005111500	1	thenationonlineng.net	https://thenationonlineng.net/high-point-of-nigerias-participation-at-unga-80-2/	11	3052	-1	3106	1	100	7475	1.64075993091537		
1266849993	20251005004500	20251005111500	1	redstateobserver.com	https://redstateobserver.com/article.asp?id=237247	1	203	-1	321	1	60	2553	-0.737100737100739		
1266894877	20251005111500	20251005111500	1	centralchronicle.com	https://www.centralchronicle.com/pm-pays-tribute-to-former-pm-narasimha-rao-on-his-birth-anniversary/	1	124	-1	159	0	40	566	4.76190476190476		
1266879749	20251005081500	20251005111500	1	thenationonlineng.net	https://thenationonlineng.net/high-point-of-nigerias-participation-at-unga-80-2/	7	1994	-1	2064	1	30	7475	1.64075993091537		
1266879750	20251005081500	20251005111500	1	thenationonlineng.net	https://thenationonlineng.net/high-point-of-nigerias-participation-at-unga-80-2/	7	1994	-1	2064	0	10	7475	1.64075993091537		
1266879751	20251005081500	20251005111500	1	thenationonlineng.net	https://thenationonlineng.net/high-point-of-nigerias-participation-at-unga-80-2/	7	1994	-1	2064	0	10	7475	1.64075993091537		
1266872638	20251005064500	20251005111500	1	thestatesman.com	https://www.thestatesman.com/india/pm-modi-expresses-condolences-over-darjeeling-bridge-mishap-1503495124.html	2	62	-1	101	1	100	1264	-4.30622009569378		
1266873977	20251005070000	20251005111500	1	dungogchronicle.com.au	https://www.dungogchronicle.com.au/story/9081645/total-fire-ban-in-north-coast-and-hunter-regions-monday/	6	922	-1	935	1	100	1409	-2.09205020920502		
1266873977	20251005070000	20251005111500	1	cessnockadvertiser.com.au	https://www.cessnockadvertiser.com.au/story/9081645/total-fire-ban-in-north-coast-and-hunter-regions-monday/	6	928	-1	941	1	100	1409	-2.08333333333334		
1266894878	20251005111500	20251005111500	1	kentonline.co.uk	https://www.kentonline.co.uk/news/national/home-secretary-disappointed-at-collapse-of-chinese-spying-case-156125/	15	2946	-1	2975	1	50	3599	-6.97278911564626		
1266894879	20251005111500	20251005111500	1	thestatesman.com	https://www.thestatesman.com/india/west-bengal-floods-mamata-banerjee-assures-relief-efforts-amidst-heavy-rains-1503495173.html	9	1802	-1	1833	1	100	2943	-4.79302832244009		
1266852150	20251005004500	20251005111500	1	standard.co.uk	https://www.standard.co.uk/news/uk/foundation-king-windsor-castle-british-prince-of-wales-b1251299.html	1	0	-1	5	1	100	230	6.38297872340423		
1266894880	20251005111500	20251005111500	1	kentonline.co.uk	https://www.kentonline.co.uk/news/national/home-secretary-disappointed-at-collapse-of-chinese-spying-case-156125/	12	2354	-1	2376	1	30	3599	-6.97278911564626		
1266894881	20251005111500	20251005111500	1	thestatesman.com	https://www.thestatesman.com/india/karur-tragedy-sit-commences-investigation-posters-appear-in-support-of-vijay-1503495133.html	11	1888	-1	1967	0	20	3012	-3.58565737051793		
1266870320	20251005061500	20251005111500	1	thestatesman.com	https://www.thestatesman.com/india/karur-tragedy-sit-commences-investigation-posters-appear-in-support-of-vijay-1503495133.html	11	1888	-1	1967	1	80	3012	-3.58565737051793		
1266845330	20251005000000	20251005111500	1	eastlondonadvertiser.co.uk	https://www.eastlondonadvertiser.co.uk/news/25518439.met-police-arrest-hundreds-london-palestine-action-support/	17	3552	-1	3592	1	30	4619	-4.04858299595141		
1266894882	20251005111500	20251005111500	1	independent.co.uk	https://www.independent.co.uk/news/world/americas/us-politics/noem-pritzker-bathroom-ice-illinois-b2839436.html	15	3110	-1	3133	1	30	3484	-4.76190476190476		
1266869362	20251005060000	20251005111500	1	thenationonlineng.net	https://thenationonlineng.net/high-point-of-nigerias-participation-at-unga-80-2/	20	5467	-1	5477	1	100	7475	1.64075993091537		
1266845334	20251005000000	20251005111500	1	wtov9.com	https://wtov9.com/news/local/rayland-fire-department-hosts-inaugural-barktober-fest-at-new-dog-park	1	8	-1	24	1	60	749	5.03597122302158		
1266894883	20251005111500	20251005111500	1	thestatesman.com	https://www.thestatesman.com/india/west-bengal-floods-mamata-banerjee-assures-relief-efforts-amidst-heavy-rains-1503495173.html	12	2203	-1	2268	1	100	2943	-4.79302832244009		
1266894884	20251005111500	20251005111500	1	independent.com.mt	https://www.independent.com.mt/articles/2025-10-05/local-news/Gozo-is-not-second-class-Alex-Borg-urges-investment-in-Gozo-s-youth-health-and-connectivity-6736273691	18	4820	-1	4888	1	60	6515	1.27853881278539		
1266883273	20251005090000	20251005111500	1	dhakatimes24.com	https://www.dhakatimes24.com/2025/10/05/394503	9	3282	-1	3302	1	100	7595	0.95320623916811		
1266894885	20251005111500	20251005111500	1	pajhwok.com	https://pajhwok.com/2025/10/05/kyrgyzstan-sends-130-tonnes-aid-to-quake-hit-afghans/	6	1005	-1	1031	1	60	1346	5.71428571428572		
1266894886	20251005111500	20251005111500	1	dhakatimes24.com	https://www.dhakatimes24.com/2025/10/05/394503	6	1746	-1	1824	1	50	7595	0.95320623916811		
1266894887	20251005111500	20251005111500	1	centralchronicle.com	https://www.centralchronicle.com/torrential-rains-landslides-batter-darjeeling-and-surrounding-areas-casualties-reported/	9	1406	-1	1445	1	60	3113	-8.24949698189135		
1266894888	20251005111500	20251005111500	1	centralchronicle.com	https://www.centralchronicle.com/torrential-rains-landslides-batter-darjeeling-and-surrounding-areas-casualties-reported/	9	1406	-1	1445	0	40	3113	-8.24949698189135		
1266894889	20251005111500	20251005111500	1	centralchronicle.com	https://www.centralchronicle.com/torrential-rains-landslides-batter-darjeeling-and-surrounding-areas-casualties-reported/	2	474	-1	585	1	100	3113	-8.24949698189135		
1266894890	20251005111500	20251005111500	1	thestatesman.com	https://www.thestatesman.com/india/west-bengal-floods-mamata-banerjee-assures-relief-efforts-amidst-heavy-rains-1503495173.html	12	2203	-1	2235	1	100	2943	-4.79302832244009		
1266879769	20251005081500	20251005111500	1	thenationonlineng.net	https://thenationonlineng.net/high-point-of-nigerias-participation-at-unga-80-2/	16	4196	-1	4318	1	100	7475	1.64075993091537		
1266894891	20251005111500	20251005111500	1	longfordleader.ie	https://www.longfordleader.ie/news/local-news/1910371/longfords-biodiversity-action-plan-will-deepen-an-understanding-of-biodiversity.html	9	1745	-1	1892	1	10	3675	7.17131474103585		
1266894892	20251005111500	20251005111500	1	coloradosun.com	https://coloradosun.com/2025/10/05/nicolais-colorado-trump-troops-deploy/	18	4516	-1	4468	1	60	5979	-4.68909276248725		
1266848693	20251005003000	20251005111500	1	sanfordherald.com	https://www.sanfordherald.com/news/national/negotiators-due-in-cairo-for-gaza-ceasefire-hostage-release-talks/article_170fd171-949f-5fa6-81c3-2d81898f9d32.html	23	3796	-1	3837	1	100	4558	-5.37634408602151		
1266859761	20251005031500	20251005111500	1	pressenterpriseonline.com	https://www.pressenterpriseonline.com/apnews/trump-plans-to-federalize-300-troops-in-illinois-judge-blocks-similar-mobilization-in-oregon	6	1367	-1	1423	1	30	7364	-6.13656006914434		
1266883282	20251005090000	20251005111500	1	dominicanrepublicpost.com	https://dominicanrepublicpost.com/at-least-47-killed-in-nepal-as-heavy-rains-trigger-landslides-flash-floods/	8	1961	-1	1973	1	100	3511	-6.89013035381751		
1266845365	20251005000000	20251005111500	1	eastlondonadvertiser.co.uk	https://www.eastlondonadvertiser.co.uk/news/25518439.met-police-arrest-hundreds-london-palestine-action-support/	17	3552	-1	3573	1	30	4619	-4.04858299595141		
1266894893	20251005111500	20251005111500	1	kentonline.co.uk	https://www.kentonline.co.uk/news/national/home-secretary-disappointed-at-collapse-of-chinese-spying-case-156125/	15	2946	-1	3018	1	50	3599	-6.97278911564626		
1266883283	20251005090000	20251005111500	1	dominicanrepublicpost.com	https://dominicanrepublicpost.com/at-least-47-killed-in-nepal-as-heavy-rains-trigger-landslides-flash-floods/	6	1036	-1	1047	1	50	3511	-6.89013035381751		
1266894894	20251005111500	20251005111500	1	pajhwok.com	https://pajhwok.com/2025/10/05/kyrgyzstan-sends-130-tonnes-aid-to-quake-hit-afghans/	6	1046	1071	1084	0	10	1346	5.71428571428572		
1266894895	20251005111500	20251005111500	1	independent.com.mt	https://www.independent.com.mt/articles/2025-10-05/local-news/Gozo-is-not-second-class-Alex-Borg-urges-investment-in-Gozo-s-youth-health-and-connectivity-6736273691	19	4985	5031	5015	1	50	6515	1.27853881278539		
1266894896	20251005111500	20251005111500	1	hindustantimes.com	https://www.hindustantimes.com/india-news/darjeeling-landslide-news-live-updates-weather-rain-west-bengal-nepal-bhutan-101759658483533.html	2	236	260	267	0	20	2338	-9.0659340659341		
1266879782	20251005081500	20251005111500	1	thenationonlineng.net	https://thenationonlineng.net/high-point-of-nigerias-participation-at-unga-80-2/	18	4661	4765	4687	1	80	7475	1.64075993091537		
1266879783	20251005081500	20251005111500	1	thenationonlineng.net	https://thenationonlineng.net/high-point-of-nigerias-participation-at-unga-80-2/	18	4661	4765	4754	1	80	7475	1.64075993091537		
1266894897	20251005111500	20251005111500	1	theglobeandmail.com	https://www.theglobeandmail.com/opinion/letters/article-give-doug-ford-ticket-for-moving-too-fast-on-banning-speed-cameras/	8	2295	2283	2272	1	50	7835	-1.30568356374808		
1266894898	20251005111500	20251005111500	1	theglobeandmail.com	https://www.theglobeandmail.com/opinion/letters/article-give-doug-ford-ticket-for-moving-too-fast-on-banning-speed-cameras/	8	2295	2283	2272	1	30	7835	-1.30568356374808		
1266894899	20251005111500	20251005111500	1	theglobeandmail.com	https://www.theglobeandmail.com/opinion/letters/article-give-doug-ford-ticket-for-moving-too-fast-on-banning-speed-cameras/	8	2295	2283	2272	0	20	7835	-1.30568356374808		
1266856178	20251005014500	20251005111500	1	kentonline.co.uk	https://www.kentonline.co.uk/news/national/home-secretary-disappointed-at-collapse-of-chinese-spying-case-156125/	12	2354	2411	2376	1	50	3599	-6.97278911564626		
1266894900	20251005111500	20251005111500	1	kentonline.co.uk	https://www.kentonline.co.uk/news/national/home-secretary-disappointed-at-collapse-of-chinese-spying-case-156125/	12	2354	2426	2376	0	20	3599	-6.97278911564626		
1266894901	20251005111500	20251005111500	1	wtov9.com	https://wtov9.com/news/local/rayland-fire-department-hosts-inaugural-barktober-fest-at-new-dog-park	1	8	40	24	0	40	749	5.03597122302158		
1266847240	20251005001500	20251005111500	1	wpsu.org	https://radio.wpsu.org/2025-10-04/largest-us-lutheran-denomination-installs-first-black-presiding-bishop	4	1171	1218	1190	1	50	5591	1.42231947483589		
1266894902	20251005111500	20251005111500	1	indianexpress.com	https://indianexpress.com/article/india/bihar-assembly-polls-date-november-22-election-commission-10289182/	11	4517	4537	4469	0	20	4448	1.03092783505155		
1266894903	20251005111500	20251005111500	1	independent.co.uk	https://www.independent.co.uk/news/world/americas/us-politics/noem-pritzker-bathroom-ice-illinois-b2839436.html	15	3110	3187	3133	1	40	3484	-4.76190476190476		
1266894904	20251005111500	20251005111500	1	dailymail.co.uk	https://www.dailymail.co.uk/news/article-15163715/Croydon-Park-shooting-Sydney.html	13	1813	1842	1852	1	100	2914	-4.40251572327044		
1266894905	20251005111500	20251005111500	1	centralchronicle.com	https://www.centralchronicle.com/sc-grills-centre-over-blanket-blood-donation-ban-on-some-sections/	4	1034	1154	1135	1	50	3520	-3.57142857142857		
1266886391	20251005091500	20251005111500	1	sanfordherald.com	https://www.sanfordherald.com/news/national/babis-pledges-loyalty-to-europe-as-czech-government-talks-begin/article_cd764ac9-77e0-5c7c-b010-2f6c9f335067.html	2	187	73	166	1	30	4135	0.72463768115942		
1266850029	20251005004500	20251005111500	1	independent.co.uk	https://www.independent.co.uk/news/world/americas/hamas-israel-donald-trump-benjamin-netanyahu-palestinians-b2839465.html	27	4268	4303	4293	1	80	5473	-3.40909090909091		
1266894906	20251005111500	20251005111500	1	kentonline.co.uk	https://www.kentonline.co.uk/news/national/home-secretary-disappointed-at-collapse-of-chinese-spying-case-156125/	14	2744	2770	2850	0	10	3599	-6.97278911564626		
1266845396	20251005000000	20251005111500	1	al-monitor.com	https://www.al-monitor.com/originals/2025/10/uk-police-get-new-powers-after-latest-pro-palestinian-protest	8	1737	1863	1787	0	20	1816	-6.35451505016723		
1266885691	20251005093000	20251005111500	1	al-monitor.com	https://www.al-monitor.com/originals/2025/10/uk-police-get-new-powers-after-latest-pro-palestinian-protest	8	1737	1845	1769	1	60	1816	-6.35451505016723		
1266894907	20251005111500	20251005111500	1	kentonline.co.uk	https://www.kentonline.co.uk/news/national/home-secretary-disappointed-at-collapse-of-chinese-spying-case-156125/	3	632	520	553	0	10	3599	-6.97278911564626		
1266845398	20251005000000	20251005111500	1	eastlondonadvertiser.co.uk	https://www.eastlondonadvertiser.co.uk/news/25518439.met-police-arrest-hundreds-london-palestine-action-support/	17	3552	3576	3610	0	10	4619	-4.04858299595141		
1266894908	20251005111500	20251005111500	1	kentonline.co.uk	https://www.kentonline.co.uk/news/national/home-secretary-disappointed-at-collapse-of-chinese-spying-case-156125/	3	632	520	542	0	10	3599	-6.97278911564626		
1266885692	20251005093000	20251005111500	1	ksat.com	https://www.ksat.com/news/2025/10/05/uk-says-it-will-restrict-repeated-protests-after-500-arrests-at-pro-palestinian-vigil/	11	1974	2005	2048	0	10	3216	-7.6171875		
1266885692	20251005093000	20251005111500	1	rockymounttelegram.com	https://www.rockymounttelegram.com/news/world/uk-says-it-will-restrict-repeated-protests-after-500-arrests-at-pro-palestinian-vigil/article_c500d4ae-1427-519f-bad2-d5be71a19766.html	10	1956	1987	2030	0	10	3226	-7.58754863813227		
1266845405	20251005000000	20251005111500	1	eastlondonadvertiser.co.uk	https://www.eastlondonadvertiser.co.uk/news/25518439.met-police-arrest-hundreds-london-palestine-action-support/	17	3552	3576	3591	0	10	4619	-4.04858299595141		
1266879790	20251005081500	20251005111500	1	thenationonlineng.net	https://thenationonlineng.net/high-point-of-nigerias-participation-at-unga-80-2/	1	363	457	409	1	80	7475	1.64075993091537		
1266894909	20251005111500	20251005111500	1	centralchronicle.com	https://www.centralchronicle.com/pm-modi-to-unveil-projects-worth-over-rs-36000-crore-in-wb-bihar-on-sept-15/	1	136	176	170	0	40	3421	1.98412698412698		
1266855612	20251005020000	20251005111500	1	indianexpress.com	https://indianexpress.com/article/india/bihar-assembly-polls-date-november-22-election-commission-10289182/	11	4517	4505	4469	1	50	4448	1.03092783505155		
1266887072	20251005094500	20251005111500	1	indianexpress.com	https://indianexpress.com/article/india/bihar-assembly-polls-date-november-22-election-commission-10289182/	6	2828	2994	2983	1	30	4448	1.03092783505155		
1266894910	20251005111500	20251005111500	1	longfordleader.ie	https://www.longfordleader.ie/news/local-news/1910371/longfords-biodiversity-action-plan-will-deepen-an-understanding-of-biodiversity.html	9	1745	1859	1870	0	20	3675	7.17131474103585		
1266894911	20251005111500	20251005111500	1	longfordleader.ie	https://www.longfordleader.ie/news/local-news/1910371/longfords-biodiversity-action-plan-will-deepen-an-understanding-of-biodiversity.html	9	1745	1859	1891	0	20	3675	7.17131474103585		
1266887074	20251005094500	20251005111500	1	israelherald.com	http://www.israelherald.com/news/278618413/iran-executes-six-over-alleged-israel-backed-attacks-rights-groups-allege-torture-and-forced-confessions	4	502	551	519	1	50	2797	-8.90868596881958		
1266858150	20251005024500	20251005111500	1	al-monitor.com	https://www.al-monitor.com/originals/2025/10/israel-strikes-gaza-palestinians-pin-hopes-trumps-gaza-plan	2	352	471	420	1	40	4947	-6.47571606475716		
1266884651	20251005091500	20251005111500	1	al-monitor.com	https://www.al-monitor.com/originals/2025/10/israel-strikes-gaza-palestinians-pin-hopes-trumps-gaza-plan	2	352	526	503	0	20	4947	-6.47571606475716		
1266845410	20251005000000	20251005111500	1	al-monitor.com	https://www.al-monitor.com/originals/2025/10/israel-strikes-gaza-palestinians-pin-hopes-trumps-gaza-plan	2	352	526	482	0	20	4947	-6.47571606475716		
1266868731	20251005054500	20251005111500	1	al-monitor.com	https://www.al-monitor.com/originals/2025/10/more-bark-bite-why-israels-far-right-wont-rush-quit-government-despite-gaza-plan	1	61	26	48	1	30	276	-2.66666666666667		
1266852684	20251005011500	20251005111500	1	al-monitor.com	https://www.al-monitor.com/originals/2025/10/israel-strikes-gaza-palestinians-pin-hopes-trumps-gaza-plan	22	4417	4485	4466	0	40	4947	-6.47571606475716		
1266884652	20251005091500	20251005111500	1	al-monitor.com	https://www.al-monitor.com/originals/2025/10/israel-strikes-gaza-palestinians-pin-hopes-trumps-gaza-plan	13	2574	2604	2586	0	20	4947	-6.47571606475716		
1266884653	20251005091500	20251005111500	1	al-monitor.com	https://www.al-monitor.com/originals/2025/10/israel-strikes-gaza-palestinians-pin-hopes-trumps-gaza-plan	13	2574	2604	2615	0	20	4947	-6.47571606475716		
1266889712	20251005101500	20251005111500	1	gjsentinel.com	https://www.gjsentinel.com/news/national/georgia-pm-announces-sweeping-crackdown-on-opposition-after-foiled-coup/article_ad3744e4-0f89-544e-861f-e2642afa0b4f.html	8	1594	1632	1627	1	50	2719	-6.00961538461539		
1266889712	20251005101500	20251005111500	1	newsargus.com	https://www.newsargus.com/news/national/georgia-pm-announces-sweeping-crackdown-on-opposition-after-foiled-coup/article_13b88f35-522c-5d65-a48f-f51ee2605a3d.html	8	1594	1632	1627	1	50	2719	-6.00961538461539		
1266887082	20251005094500	20251005111500	1	israelherald.com	http://www.israelherald.com/news/278618413/iran-executes-six-over-alleged-israel-backed-attacks-rights-groups-allege-torture-and-forced-confessions	6	1042	1066	992	1	60	2797	-8.90868596881958		
1266894912	20251005111500	20251005111500	1	independent.com.mt	https://www.independent.com.mt/articles/2025-10-05/local-news/Gozo-is-not-second-class-Alex-Borg-urges-investment-in-Gozo-s-youth-health-and-connectivity-6736273691	18	4820	4878	4884	0	40	6515	1.27853881278539		
1266879797	20251005081500	20251005111500	1	thenationonlineng.net	https://thenationonlineng.net/high-point-of-nigerias-participation-at-unga-80-2/	6	1530	1555	1563	0	10	7475	1.64075993091537		
1266879800	20251005081500	20251005111500	1	thenationonlineng.net	https://thenationonlineng.net/high-point-of-nigerias-participation-at-unga-80-2/	6	1530	1709	1822	1	40	7475	1.64075993091537		
1266887091	20251005094500	20251005111500	1	israelherald.com	http://www.israelherald.com/news/278618413/iran-executes-six-over-alleged-israel-backed-attacks-rights-groups-allege-torture-and-forced-confessions	8	1446	1318	1421	1	50	2797	-8.90868596881958		
1266894913	20251005111500	20251005111500	1	hindustantimes.com	https://www.hindustantimes.com/india-news/darjeeling-landslide-news-live-updates-weather-rain-west-bengal-nepal-bhutan-101759658483533.html	5	798	911	922	0	20	2338	-9.0659340659341		
1266887093	20251005094500	20251005111500	1	israelherald.com	http://www.israelherald.com/news/278618413/iran-executes-six-over-alleged-israel-backed-attacks-rights-groups-allege-torture-and-forced-confessions	8	1446	1401	1421	1	50	2797	-8.90868596881958		
1266884664	20251005091500	20251005111500	1	al-monitor.com	https://www.al-monitor.com/originals/2025/10/israel-strikes-gaza-palestinians-pin-hopes-trumps-gaza-plan	2	352	526	503	1	20	4947	-6.47571606475716		
1266845440	20251005000000	20251005111500	1	al-monitor.com	https://www.al-monitor.com/originals/2025/10/israel-strikes-gaza-palestinians-pin-hopes-trumps-gaza-plan	2	352	526	482	1	20	4947	-6.47571606475716		
1266852712	20251005011500	20251005111500	1	al-monitor.com	https://www.al-monitor.com/originals/2025/10/israel-strikes-gaza-palestinians-pin-hopes-trumps-gaza-plan	22	4417	4485	4466	1	40	4947	-6.47571606475716		
1266884665	20251005091500	20251005111500	1	al-monitor.com	https://www.al-monitor.com/originals/2025/10/israel-strikes-gaza-palestinians-pin-hopes-trumps-gaza-plan	13	2574	2604	-1	0	20	4947	-6.47571606475716		
1266884666	20251005091500	20251005111500	1	al-monitor.com	https://www.al-monitor.com/originals/2025/10/israel-strikes-gaza-palestinians-pin-hopes-trumps-gaza-plan	13	2574	2604	2586	0	20	4947	-6.47571606475716		
1266884667	20251005091500	20251005111500	1	al-monitor.com	https://www.al-monitor.com/originals/2025/10/israel-strikes-gaza-palestinians-pin-hopes-trumps-gaza-plan	13	2574	2604	2586	1	10	4947	-6.47571606475716		
1266884668	20251005091500	20251005111500	1	al-monitor.com	https://www.al-monitor.com/originals/2025/10/israel-strikes-gaza-palestinians-pin-hopes-trumps-gaza-plan	13	2574	2604	2620	1	10	4947	-6.47571606475716		
1266894914	20251005111500	20251005111500	1	omanobserver.om	https://www.omanobserver.om/article/1177598/oman/labour/qatari-team-reviews-omans-trade-union-system	1	295	277	267	0	20	1976	0.70671378091873		
1266884000	20251005084500	20251005111500	1	indiatimes.com	https://economictimes.indiatimes.com/news/international/world-news/putin-says-tomahawk-supply-to-ukraine-would-destroy-u-s-relations/articleshow/124318673.cms	3	323	456	363	0	10	3085	-3.50194552529182		
1266887097	20251005094500	20251005111500	1	sanfordherald.com	https://www.sanfordherald.com/news/national/babis-pledges-loyalty-to-europe-as-czech-government-talks-begin/article_cd764ac9-77e0-5c7c-b010-2f6c9f335067.html	10	1795	1862	1851	1	30	4135	0.72463768115942		
1266887098	20251005094500	20251005111500	1	sanfordherald.com	https://www.sanfordherald.com/news/national/babis-pledges-loyalty-to-europe-as-czech-government-talks-begin/article_cd764ac9-77e0-5c7c-b010-2f6c9f335067.html	10	1795	1891	1880	0	20	4135	0.72463768115942		
1266894915	20251005111500	20251005111500	1	sana.sy	https://sana.sy/en/local/2270990/	5	979	1117	1131	0	10	1003	0		
1266887100	20251005094500	20251005111500	1	sanfordherald.com	https://www.sanfordherald.com/news/national/babis-pledges-loyalty-to-europe-as-czech-government-talks-begin/article_cd764ac9-77e0-5c7c-b010-2f6c9f335067.html	10	1795	1846	1833	1	40	4135	0.72463768115942		
1266894916	20251005111500	20251005111500	1	postandcourier.com	https://www.postandcourier.com/politics/sc-legislation-child-sex-crimes-lawmakers/article_5da4f674-9d72-4f03-8711-800ee57c5bb4.html	9	2015	2047	2070	0	20	6082	-9.91820040899792		
1266852179	20251005004500	20251005111500	1	redstateobserver.com	https://redstateobserver.com/article.asp?id=237247	1	203	229	338	0	20	2553	-0.737100737100739		
1266894917	20251005111500	20251005111500	1	independent.co.uk	https://www.independent.co.uk/news/world/americas/us-politics/noem-pritzker-bathroom-ice-illinois-b2839436.html	15	3110	3136	3150	0	10	3484	-4.76190476190476		
1266845455	20251005000000	20251005111500	1	wild941.com	https://wild941.com/2025/10/05/this-day-in-top-40-history-october-5/	5	1854	-1	1850	0	40	3362	2.89855072463768		
1266888407	20251005100000	20251005111500	1	wild941.com	https://wild941.com/2025/10/05/this-day-in-top-40-history-october-5/	5	1854	1976	1850	0	40	3362	2.89855072463768		
1266884669	20251005091500	20251005111500	1	hurriyetdailynews.com	https://www.hurriyetdailynews.com/hopes-rises-for-gaza-as-peace-talks-to-begin-in-egypt-214329	7	1060	1022	1051	0	20	2703	-2.16919739696312		
1266884669	20251005091500	20251005111500	1	sanfordherald.com	https://www.sanfordherald.com/news/national/negotiators-due-in-cairo-for-gaza-ceasefire-hostage-release-talks/article_170fd171-949f-5fa6-81c3-2d81898f9d32.html	6	1067	1029	1058	0	20	4558	-5.37634408602151		
1266884670	20251005091500	20251005111500	1	sanfordherald.com	https://www.sanfordherald.com/news/national/negotiators-due-in-cairo-for-gaza-ceasefire-hostage-release-talks/article_170fd171-949f-5fa6-81c3-2d81898f9d32.html	6	1067	1029	1058	0	20	4558	-5.37634408602151		
1266884670	20251005091500	20251005111500	1	hurriyetdailynews.com	https://www.hurriyetdailynews.com/hopes-rises-for-gaza-as-peace-talks-to-begin-in-egypt-214329	7	1060	1022	1051	0	20	2703	-2.16919739696312		
1266860704	20251005033000	20251005111500	1	pressenterpriseonline.com	https://www.pressenterpriseonline.com/apnews/trump-plans-to-federalize-300-troops-in-illinois-judge-blocks-similar-mobilization-in-oregon	6	1367	1458	1423	1	30	7364	-6.13656006914434		
1266884671	20251005091500	20251005111500	1	hurriyetdailynews.com	https://www.hurriyetdailynews.com/hopes-rises-for-gaza-as-peace-talks-to-begin-in-egypt-214329	7	1058	1018	1049	1	30	2703	-2.16919739696312		
1266884671	20251005091500	20251005111500	1	sanfordherald.com	https://www.sanfordherald.com/news/national/negotiators-due-in-cairo-for-gaza-ceasefire-hostage-release-talks/article_170fd171-949f-5fa6-81c3-2d81898f9d32.html	6	1065	1025	1056	1	40	4558	-5.37634408602151		
1266845475	20251005000000	20251005111500	1	sanfordherald.com	https://www.sanfordherald.com/news/national/negotiators-due-in-cairo-for-gaza-ceasefire-hostage-release-talks/article_170fd171-949f-5fa6-81c3-2d81898f9d32.html	6	1087	1025	1076	0	20	4558	-5.37634408602151		
1266845475	20251005000000	20251005111500	1	hurriyetdailynews.com	https://www.hurriyetdailynews.com/hopes-rises-for-gaza-as-peace-talks-to-begin-in-egypt-214329	7	1080	1018	1069	0	10	2703	-2.16919739696312		
1266894918	20251005111500	20251005111500	1	indianweekender.co.nz	https://www.indianweekender.co.nz/news/indian-court-orders-doctors-to-write-clearly-or-go-digital	3	684	-1	738	1	50	3652	-6.33802816901408		
1266894919	20251005111500	20251005111500	1	thestatesman.com	https://www.thestatesman.com/india/mission-karmayogi-ups-social-welfare-dept-sets-new-benchmark-in-administrative-efficiency-1503495182.html	2	375	502	445	1	50	2353	6.48148148148148		
1266894920	20251005111500	20251005111500	1	kentonline.co.uk	https://www.kentonline.co.uk/news/national/home-secretary-disappointed-at-collapse-of-chinese-spying-case-156125/	3	564	502	534	0	50	3599	-6.97278911564626		
1266894921	20251005111500	20251005111500	1	kentonline.co.uk	https://www.kentonline.co.uk/news/national/home-secretary-disappointed-at-collapse-of-chinese-spying-case-156125/	3	564	502	527	0	50	3599	-6.97278911564626		
1266889736	20251005101500	20251005111500	1	gjsentinel.com	https://www.gjsentinel.com/news/national/georgia-pm-announces-sweeping-crackdown-on-opposition-after-foiled-coup/article_ad3744e4-0f89-544e-861f-e2642afa0b4f.html	5	966	1028	1043	1	80	2719	-6.00961538461539		
1266889736	20251005101500	20251005111500	1	newsargus.com	https://www.newsargus.com/news/national/georgia-pm-announces-sweeping-crackdown-on-opposition-after-foiled-coup/article_13b88f35-522c-5d65-a48f-f51ee2605a3d.html	5	966	1028	1043	1	80	2719	-6.00961538461539		
1266894922	20251005111500	20251005111500	1	indiatimes.com	https://timesofindia.indiatimes.com/entertainment/hindi/bollywood/news/arhaan-khan-and-sohail-khan-reach-hospital-as-arbaaz-khan-and-sshura-khan-welcome-baby-girl-watch/articleshow/124319633.cms	6	654	-1	640	1	100	2516	5.80046403712297		
1266894923	20251005111500	20251005111500	1	indianweekender.co.nz	https://www.indianweekender.co.nz/news/indian-court-orders-doctors-to-write-clearly-or-go-digital	11	3349	-1	3361	0	20	3652	-6.33802816901408		
1266857932	20251005021500	20251005111500	1	manchestereveningnews.co.uk	https://www.manchestereveningnews.co.uk/news/tv/strictly-come-dancing-fans-make-32613951	1	505	-1	594	1	50	2949	1.80360721442886		
1266894924	20251005111500	20251005111500	1	independent.co.uk	https://www.independent.co.uk/news/health/mouth-taping-sleep-snoring-safe-b2839543.html	1	0	-1	8	1	100	3109	-2.96296296296296		
1266878688	20251005080000	20251005111500	1	go.com	https://abcnews.go.com/International/wireStory/indonesian-rescuers-search-missing-students-after-school-collapse-126225583	2	98	233	194	0	10	2937	-1.77383592017738		
1266894925	20251005111500	20251005111500	1	go.com	https://abcnews.go.com/International/wireStory/indonesian-rescuers-search-missing-students-after-school-collapse-126225583	2	98	233	194	0	10	2937	-1.77383592017738		
1266857505	20251005023000	20251005111500	1	go.com	https://abcnews.go.com/International/wireStory/indonesian-rescuers-search-missing-students-after-school-collapse-126225583	1	0	39	11	1	80	2937	-1.77383592017738		
1266877592	20251005074500	20251005111500	1	go.com	https://abcnews.go.com/International/wireStory/indonesian-rescuers-search-missing-students-after-school-collapse-126225583	2	110	183	138	1	80	2937	-1.77383592017738		
1266877593	20251005074500	20251005111500	1	go.com	https://abcnews.go.com/International/wireStory/indonesian-rescuers-search-missing-students-after-school-collapse-126225583	2	110	183	151	1	100	2937	-1.77383592017738		
1266867934	20251005053000	20251005111500	1	hurriyetdailynews.com	https://www.hurriyetdailynews.com/death-toll-from-indonesia-school-collapse-rises-to-37-214327	1	139	-1	206	1	30	1467	-5.53191489361701		
1266894926	20251005111500	20251005111500	1	leadership.ng	https://leadership.ng/denmark-raises-support-for-afdbs-development-fund/	3	159	-1	214	1	100	2048	6.12244897959183		
1266860716	20251005033000	20251005111500	1	al-monitor.com	https://www.al-monitor.com/originals/2025/10/opec-meets-future-oil-production-hanging-balance	2	119	64	148	1	100	3369	-5.0561797752809		
1266894927	20251005111500	20251005111500	1	hurriyetdailynews.com	https://www.hurriyetdailynews.com/populist-billionaire-babis-wins-czech-general-election-214326	2	510	521	406	1	40	1832	5.03355704697987		
1266894928	20251005111500	20251005111500	1	hurriyetdailynews.com	https://www.hurriyetdailynews.com/populist-billionaire-babis-wins-czech-general-election-214326	2	510	521	406	0	20	1832	5.03355704697987		
1266879836	20251005081500	20251005111500	1	thenationonlineng.net	https://thenationonlineng.net/high-point-of-nigerias-participation-at-unga-80-2/	1	457	363	409	1	80	7475	1.64075993091537		
1266879837	20251005081500	20251005111500	1	thenationonlineng.net	https://thenationonlineng.net/high-point-of-nigerias-participation-at-unga-80-2/	1	453	373	405	0	20	7475	1.64075993091537		
1266875369	20251005071500	20251005111500	1	zimbabwestar.com	http://www.zimbabwestar.com/news/278618259/indian-peacekeepers-honoured-for-dedicated-service-by-unisfa	6	1227	1297	1318	1	20	2802	6.25		
1266875370	20251005071500	20251005111500	1	zimbabwestar.com	http://www.zimbabwestar.com/news/278618259/indian-peacekeepers-honoured-for-dedicated-service-by-unisfa	6	1227	1390	1324	0	40	2802	6.25		
1266875371	20251005071500	20251005111500	1	zimbabwestar.com	http://www.zimbabwestar.com/news/278618259/indian-peacekeepers-honoured-for-dedicated-service-by-unisfa	6	1227	1416	1342	0	40	2802	6.25		
1266894929	20251005111500	20251005111500	1	hurriyetdailynews.com	https://www.hurriyetdailynews.com/populist-billionaire-babis-wins-czech-general-election-214326	8	1721	1862	1847	0	10	1832	5.03355704697987		
1266894930	20251005111500	20251005111500	1	hurriyetdailynews.com	https://www.hurriyetdailynews.com/populist-billionaire-babis-wins-czech-general-election-214326	8	1721	1862	1847	0	10	1832	5.03355704697987		
1266887129	20251005094500	20251005111500	1	thestatesman.com	https://www.thestatesman.com/india/bihar-assembly-elections-2025-to-be-held-before-nov-22-cec-gyanesh-kumar-1503495149.html	2	147	-1	124	1	30	2738	4.81651376146789		
1266891046	20251005103000	20251005111500	1	thestatesman.com	https://www.thestatesman.com/india/13-killed-as-rains-wreak-havoc-in-north-bengal-bridge-collapses-in-dudhia-landslides-hit-darjeeling-1503495101.html	10	1461	-1	1499	1	100	2010	-6.60377358490566		
1266861966	20251005040000	20251005111500	1	thestatesman.com	https://www.thestatesman.com/india/13-killed-as-rains-wreak-havoc-in-north-bengal-bridge-collapses-in-dudhia-landslides-hit-darjeeling-1503495101.html	10	1461	-1	1540	1	50	2010	-6.60377358490566		
1266882238	20251005084500	20251005111500	1	indianexpress.com	https://indianexpress.com/article/india/bihar-assembly-polls-date-november-22-election-commission-10289182/	11	4505	-1	4469	1	10	4448	1.03092783505155		
1266859530	20251005031500	20251005111500	1	indiatimes.com	https://economictimes.indiatimes.com/news/politics-and-nation/uddhav-thackeray-and-raj-thackeray-cousins-meet-again-amid-alliance-buzz/articleshow/124319635.cms	7	1317	-1	1260	1	10	2263	-1.34048257372655		
1266894931	20251005111500	20251005111500	1	indiatimes.com	https://economictimes.indiatimes.com/news/politics-and-nation/uddhav-thackeray-and-raj-thackeray-cousins-meet-again-amid-alliance-buzz/articleshow/124319635.cms	7	1326	-1	1260	0	10	2263	-1.34048257372655		
1266894932	20251005111500	20251005111500	1	indiatimes.com	https://economictimes.indiatimes.com/news/politics-and-nation/uddhav-thackeray-and-raj-thackeray-cousins-meet-again-amid-alliance-buzz/articleshow/124319635.cms	7	1306	-1	1260	0	10	2263	-1.34048257372655		
1266860720	20251005033000	20251005111500	1	indianexpress.com	https://indianexpress.com/article/india/bihar-assembly-polls-date-november-22-election-commission-10289182/	6	2994	-1	2983	1	30	4448	1.03092783505155		
1266860503	20251005033000	20251005111500	1	mathrubhumi.com	https://english.mathrubhumi.com/movies-music/news/arbaaz-khan-sshura-baby-mumbai-d9o5t69s	1	62	-1	128	1	60	738	4.61538461538462		
1266894933	20251005111500	20251005111500	1	indiatimes.com	https://timesofindia.indiatimes.com/entertainment/hindi/bollywood/news/arhaan-khan-and-sohail-khan-reach-hospital-as-arbaaz-khan-and-sshura-khan-welcome-baby-girl-watch/articleshow/124319633.cms	11	1969	1951	1960	1	30	2516	5.80046403712297		
1266894934	20251005111500	20251005111500	1	neindia.com	https://neindia.com/cec-reviews-bihar-poll-preparedness-focuses-on-curbing-money-and-muscle-power/	1	82	289	239	1	60	1971	-1.01010101010101		
1266894935	20251005111500	20251005111500	1	indiatimes.com	https://timesofindia.indiatimes.com/entertainment/hindi/bollywood/news/arhaan-khan-and-sohail-khan-reach-hospital-as-arbaaz-khan-and-sshura-khan-welcome-baby-girl-watch/articleshow/124319633.cms	11	1969	1941	1960	1	30	2516	5.80046403712297		
1266894936	20251005111500	20251005111500	1	centralchronicle.com	https://www.centralchronicle.com/pm-pays-tribute-to-former-pm-narasimha-rao-on-his-birth-anniversary/	1	107	128	163	1	60	566	4.76190476190476		
1266894937	20251005111500	20251005111500	1	centralchronicle.com	https://www.centralchronicle.com/pm-modi-to-unveil-projects-worth-over-rs-36000-crore-in-wb-bihar-on-sept-15/	1	119	140	174	1	20	3421	1.98412698412698		
1266894938	20251005111500	20251005111500	1	centralchronicle.com	https://www.centralchronicle.com/pm-modi-to-unveil-projects-worth-over-rs-36000-crore-in-wb-bihar-on-sept-15/	1	119	153	196	0	20	3421	1.98412698412698		
1266894939	20251005111500	20251005111500	1	centralchronicle.com	https://www.centralchronicle.com/pm-modi-to-unveil-projects-worth-over-rs-36000-crore-in-wb-bihar-on-sept-15/	1	119	153	179	0	20	3421	1.98412698412698		
1266855663	20251005020000	20251005111500	1	indianexpress.com	https://indianexpress.com/article/india/bihar-assembly-polls-date-november-22-election-commission-10289182/	11	4505	4517	4469	1	50	4448	1.03092783505155		
1266894940	20251005111500	20251005111500	1	indianexpress.com	https://indianexpress.com/article/india/bihar-assembly-polls-date-november-22-election-commission-10289182/	6	2994	2828	2983	1	30	4448	1.03092783505155		
1266894941	20251005111500	20251005111500	1	indianweekender.co.nz	https://www.indianweekender.co.nz/news/indian-court-orders-doctors-to-write-clearly-or-go-digital	11	3308	3351	3363	1	10	3652	-6.33802816901408		
1266887139	20251005094500	20251005111500	1	thestatesman.com	https://www.thestatesman.com/india/bihar-assembly-elections-2025-to-be-held-before-nov-22-cec-gyanesh-kumar-1503495149.html	2	147	205	124	1	50	2738	4.81651376146789		
1266894942	20251005111500	20251005111500	1	indiatimes.com	https://economictimes.indiatimes.com/news/politics-and-nation/uddhav-thackeray-and-raj-thackeray-cousins-meet-again-amid-alliance-buzz/articleshow/124319635.cms	2	98	120	129	1	100	2263	-1.34048257372655		
1266887145	20251005094500	20251005111500	1	thestatesman.com	https://www.thestatesman.com/india/bihar-assembly-elections-2025-to-be-held-before-nov-22-cec-gyanesh-kumar-1503495149.html	10	1255	-1	1264	1	60	2738	4.81651376146789		
1266887146	20251005094500	20251005111500	1	thestatesman.com	https://www.thestatesman.com/india/bihar-assembly-elections-2025-to-be-held-before-nov-22-cec-gyanesh-kumar-1503495149.html	10	1255	-1	1227	1	60	2738	4.81651376146789		
1266887147	20251005094500	20251005111500	1	thestatesman.com	https://www.thestatesman.com/india/bihar-assembly-elections-2025-to-be-held-before-nov-22-cec-gyanesh-kumar-1503495149.html	10	1255	-1	1333	1	60	2738	4.81651376146789		
1266867941	20251005053000	20251005111500	1	thestatesman.com	https://www.thestatesman.com/india/cough-syrup-deaths-cdsco-to-seek-strict-against-manufacturer-doctor-arrested-in-mp-1503495068.html	2	700	-1	726	1	100	1433	-5.33333333333334		
1266894943	20251005111500	20251005111500	1	hindustantimes.com	https://www.hindustantimes.com/india-news/darjeeling-landslide-news-live-updates-weather-rain-west-bengal-nepal-bhutan-101759658483533.html	4	318	345	361	1	100	2338	-9.0659340659341		
1266894944	20251005111500	20251005111500	1	longfordleader.ie	https://www.longfordleader.ie/news/local-news/1910371/longfords-biodiversity-action-plan-will-deepen-an-understanding-of-biodiversity.html	9	1793	-1	1874	0	20	3675	7.17131474103585		
1266894945	20251005111500	20251005111500	1	longfordleader.ie	https://www.longfordleader.ie/news/local-news/1910371/longfords-biodiversity-action-plan-will-deepen-an-understanding-of-biodiversity.html	9	1859	-1	1870	0	20	3675	7.17131474103585		
1266894946	20251005111500	20251005111500	1	longfordleader.ie	https://www.longfordleader.ie/news/local-news/1910371/longfords-biodiversity-action-plan-will-deepen-an-understanding-of-biodiversity.html	3	373	-1	420	0	80	3675	7.17131474103585		
1266876337	20251005073000	20251005111500	1	longfordleader.ie	https://www.longfordleader.ie/news/national-news/1911419/gardai-issue-appeal-to-locate-missing-16-year-old-joseph-hughes-from-co-waterford.html	1	75	-1	12	1	100	799	-1.41843971631206		
1266876337	20251005073000	20251005111500	1	leinsterexpress.ie	https://www.leinsterexpress.ie/news/national-news/1911419/gardai-issue-appeal-to-locate-missing-16-year-old-joseph-hughes-from-co-waterford.html	1	75	-1	12	1	100	799	-1.41843971631206		
1266894947	20251005111500	20251005111500	1	longfordleader.ie	https://www.longfordleader.ie/news/local-news/1910371/longfords-biodiversity-action-plan-will-deepen-an-understanding-of-biodiversity.html	13	3019	-1	3061	0	40	3675	7.17131474103585		
1266894948	20251005111500	20251005111500	1	longfordleader.ie	https://www.longfordleader.ie/news/local-news/1910371/longfords-biodiversity-action-plan-will-deepen-an-understanding-of-biodiversity.html	9	1793	-1	1895	0	20	3675	7.17131474103585		
1266894949	20251005111500	20251005111500	1	longfordleader.ie	https://www.longfordleader.ie/news/local-news/1910371/longfords-biodiversity-action-plan-will-deepen-an-understanding-of-biodiversity.html	9	1859	-1	1891	0	20	3675	7.17131474103585		
1266894950	20251005111500	20251005111500	1	nme.com	https://www.nme.com/news/music/d-block-europe-announce-new-album-ptsd-2-and-announce-winter-2025-uk-and-ireland-arena-tour-3897215	3	689	670	658	1	80	2132	-0.27472527472527		
1266894951	20251005111500	20251005111500	1	nme.com	https://www.nme.com/news/music/d-block-europe-announce-new-album-ptsd-2-and-announce-winter-2025-uk-and-ireland-arena-tour-3897215	3	689	670	658	0	20	2132	-0.27472527472527		
1266894952	20251005111500	20251005111500	1	irishexaminer.com	https://www.irishexaminer.com/farming/arid-41717601.html	14	4751	-1	4764	1	50	6466	0.59726962457338		
1266894953	20251005111500	20251005111500	1	irishexaminer.com	https://www.irishexaminer.com/farming/arid-41717601.html	14	4751	4798	4764	1	50	6466	0.59726962457338		
1266887150	20251005094500	20251005111500	1	israelherald.com	http://www.israelherald.com/news/278618413/iran-executes-six-over-alleged-israel-backed-attacks-rights-groups-allege-torture-and-forced-confessions	2	110	266	187	1	100	2797	-8.90868596881958		
1266887151	20251005094500	20251005111500	1	israelherald.com	http://www.israelherald.com/news/278618413/iran-executes-six-over-alleged-israel-backed-attacks-rights-groups-allege-torture-and-forced-confessions	2	110	266	213	1	100	2797	-8.90868596881958		
1266887152	20251005094500	20251005111500	1	israelherald.com	http://www.israelherald.com/news/278618413/iran-executes-six-over-alleged-israel-backed-attacks-rights-groups-allege-torture-and-forced-confessions	6	1020	1058	992	0	40	2797	-8.90868596881958		
1266887153	20251005094500	20251005111500	1	israelherald.com	http://www.israelherald.com/news/278618413/iran-executes-six-over-alleged-israel-backed-attacks-rights-groups-allege-torture-and-forced-confessions	9	1497	1622	1633	0	40	2797	-8.90868596881958		
1266887154	20251005094500	20251005111500	1	israelherald.com	http://www.israelherald.com/news/278618413/iran-executes-six-over-alleged-israel-backed-attacks-rights-groups-allege-torture-and-forced-confessions	9	1497	1591	1610	1	60	2797	-8.90868596881958		
1266845548	20251005000000	20251005111500	1	al-monitor.com	https://www.al-monitor.com/originals/2025/10/israel-strikes-gaza-palestinians-pin-hopes-trumps-gaza-plan	12	2521	-1	2528	0	40	4947	-6.47571606475716		
1266846828	20251005001500	20251005111500	1	independent.co.uk	https://www.independent.co.uk/news/world/americas/hamas-israel-donald-trump-benjamin-netanyahu-palestinians-b2839465.html	15	2494	-1	2489	1	50	5473	-3.40909090909091		
1266845553	20251005000000	20251005111500	1	sanfordherald.com	https://www.sanfordherald.com/news/national/negotiators-due-in-cairo-for-gaza-ceasefire-hostage-release-talks/article_170fd171-949f-5fa6-81c3-2d81898f9d32.html	14	-1	-1	2334	0	20	4558	-5.37634408602151		
1266845553	20251005000000	20251005111500	1	israelherald.com	http://www.israelherald.com/news/278618202/trump-sends-kushner-witkoff-to-egypt-to-help-broker-gaza-deal	9	1498	-1	1479	1	60	2170	-1.93370165745856		
1266845553	20251005000000	20251005111500	1	hurriyetdailynews.com	https://www.hurriyetdailynews.com/hopes-rises-for-gaza-as-peace-talks-to-begin-in-egypt-214329	15	-1	-1	2566	0	40	2703	-2.16919739696312		
1266872763	20251005064500	20251005111500	1	independent.co.uk	https://www.independent.co.uk/news/world/americas/hamas-israel-donald-trump-benjamin-netanyahu-palestinians-b2839465.html	15	2494	-1	2505	1	50	5473	-3.40909090909091		
1266845561	20251005000000	20251005111500	1	thestatesman.com	https://www.thestatesman.com/world/cautious-optimism-grips-both-gaza-and-israel-as-peace-deal-gains-traction-1503495117.html	4	707	-1	716	0	20	3192	-3.90946502057613		
1266845561	20251005000000	20251005111500	1	independent.co.uk	https://www.independent.co.uk/news/world/americas/hamas-israel-donald-trump-benjamin-netanyahu-palestinians-b2839465.html	4	391	-1	487	0	40	5473	-3.40909090909091		
1266867131	20251005051500	20251005111500	1	rockymounttelegram.com	https://www.rockymounttelegram.com/opinion/editorial_columnists/lib-campbell-trump-must-learn-that-not-everything-is-a-rally/article_ef74df66-2d93-4c9f-9ec1-0410d8843e43.html	2	687	-1	756	0	40	4392	-3.87096774193548		
1266894954	20251005111500	20251005111500	1	al-monitor.com	https://www.al-monitor.com/originals/2025/10/reeling-israel-war-iran-expands-espionage-law-bans-starlink-use	1	13	-1	55	1	50	276	-3.50877192982456		
1266845571	20251005000000	20251005111500	1	nhk.or.jp	https://www3.nhk.or.jp/nhkworld/en/news/20251005_15/	2	-1	-1	450	0	40	1405	-8.18965517241379		
1266845571	20251005000000	20251005111500	1	israelherald.com	http://www.israelherald.com/news/278618202/trump-sends-kushner-witkoff-to-egypt-to-help-broker-gaza-deal	10	1556	-1	1584	0	20	2170	-1.93370165745856		
1266891067	20251005103000	20251005111500	1	israelherald.com	http://www.israelherald.com/news/278618462/two-killed-amid-surge-in-israeli-arab-violence	10	1816	-1	1835	1	90	2254	-13.5211267605634		
1266872766	20251005064500	20251005111500	1	independent.co.uk	https://www.independent.co.uk/news/world/americas/hamas-israel-donald-trump-benjamin-netanyahu-palestinians-b2839465.html	10	1242	1325	1346	1	30	5473	-3.40909090909091		
1266858169	20251005024500	20251005111500	1	sanfordherald.com	https://www.sanfordherald.com/news/national/negotiators-due-in-cairo-for-gaza-ceasefire-hostage-release-talks/article_170fd171-949f-5fa6-81c3-2d81898f9d32.html	1	59	19	12	0	40	4558	-5.37634408602151		
1266871572	20251005063000	20251005111500	1	israelherald.com	http://www.israelherald.com/news/278618202/trump-sends-kushner-witkoff-to-egypt-to-help-broker-gaza-deal	3	493	363	509	0	10	2170	-1.93370165745856		
1266857534	20251005023000	20251005111500	1	israelherald.com	http://www.israelherald.com/news/278618202/trump-sends-kushner-witkoff-to-egypt-to-help-broker-gaza-deal	3	565	413	581	0	10	2170	-1.93370165745856		
1266871573	20251005063000	20251005111500	1	israelherald.com	http://www.israelherald.com/news/278618202/trump-sends-kushner-witkoff-to-egypt-to-help-broker-gaza-deal	11	1743	1667	1716	0	40	2170	-1.93370165745856		
1266889771	20251005101500	20251005111500	1	al-monitor.com	https://www.al-monitor.com/originals/2025/10/eight-arrested-20-police-hurt-clashes-spanish-palestine-march	4	726	699	714	0	10	1101	-6.62983425414365		
1266866079	20251005050000	20251005111500	1	al-monitor.com	https://www.al-monitor.com/originals/2025/10/eight-arrested-20-police-hurt-clashes-spanish-palestine-march	4	730	699	718	1	20	1101	-6.62983425414365		
1266868781	20251005054500	20251005111500	1	al-monitor.com	https://www.al-monitor.com/originals/2025/10/more-bark-bite-why-israels-far-right-wont-rush-quit-government-despite-gaza-plan	1	26	61	48	1	30	276	-2.66666666666667		
1266887159	20251005094500	20251005111500	1	israelherald.com	http://www.israelherald.com/news/278618413/iran-executes-six-over-alleged-israel-backed-attacks-rights-groups-allege-torture-and-forced-confessions	5	748	782	787	0	20	2797	-8.90868596881958		
1266887160	20251005094500	20251005111500	1	israelherald.com	http://www.israelherald.com/news/278618413/iran-executes-six-over-alleged-israel-backed-attacks-rights-groups-allege-torture-and-forced-confessions	5	748	782	789	1	80	2797	-8.90868596881958		
1266894955	20251005111500	20251005111500	1	al-monitor.com	https://www.al-monitor.com/originals/2025/10/reeling-israel-war-iran-expands-espionage-law-bans-starlink-use	1	13	26	55	1	50	276	-3.50877192982456		
1266891075	20251005103000	20251005111500	1	israelherald.com	http://www.israelherald.com/news/278618462/two-killed-amid-surge-in-israeli-arab-violence	3	430	374	394	0	20	2254	-13.5211267605634		
1266891076	20251005103000	20251005111500	1	israelherald.com	http://www.israelherald.com/news/278618462/two-killed-amid-surge-in-israeli-arab-violence	3	430	374	383	0	20	2254	-13.5211267605634		
1266883394	20251005090000	20251005111500	1	independent.co.uk	https://www.independent.co.uk/news/world/americas/hamas-israel-donald-trump-benjamin-netanyahu-palestinians-b2839465.html	23	3512	3535	3521	0	30	5473	-3.40909090909091		
1266894956	20251005111500	20251005111500	1	nhk.or.jp	https://www3.nhk.or.jp/nhkworld/en/news/20251005_15/	4	779	834	846	0	20	1405	-8.18965517241379		
1266854721	20251005014500	20251005111500	1	israelnationalnews.com	https://www.israelnationalnews.com/news/415833	5	835	735	816	1	60	2910	-5.57851239669421		
1266852789	20251005011500	20251005111500	1	sanfordherald.com	https://www.sanfordherald.com/news/national/negotiators-due-in-cairo-for-gaza-ceasefire-hostage-release-talks/article_170fd171-949f-5fa6-81c3-2d81898f9d32.html	15	2607	2666	2602	1	10	4558	-5.37634408602151		
1266848844	20251005003000	20251005111500	1	hurriyetdailynews.com	https://www.hurriyetdailynews.com/hopes-rises-for-gaza-as-peace-talks-to-begin-in-egypt-214329	15	2598	2643	2565	1	30	2703	-2.16919739696312		
1266845645	20251005000000	20251005111500	1	independent.co.uk	https://www.independent.co.uk/news/world/americas/hamas-israel-donald-trump-benjamin-netanyahu-palestinians-b2839465.html	10	1242	1277	1263	1	40	5473	-3.40909090909091		
1266861545	20251005033000	20251005111500	1	independent.co.uk	https://www.independent.co.uk/news/world/americas/hamas-israel-donald-trump-benjamin-netanyahu-palestinians-b2839465.html	9	1146	1188	1228	1	100	5473	-3.40909090909091		
1266868390	20251005051500	20251005111500	1	independent.co.uk	https://www.independent.co.uk/news/world/americas/hamas-israel-donald-trump-benjamin-netanyahu-palestinians-b2839465.html	9	1146	1188	1164	1	100	5473	-3.40909090909091		
1266845652	20251005000000	20251005111500	1	independent.co.uk	https://www.independent.co.uk/news/world/americas/hamas-israel-donald-trump-benjamin-netanyahu-palestinians-b2839465.html	8	987	1005	1000	1	50	5473	-3.40909090909091		
1266894957	20251005111500	20251005111500	1	nhk.or.jp	https://www3.nhk.or.jp/nhkworld/en/news/20251005_15/	4	779	868	846	1	10	1405	-8.18965517241379		
1266858941	20251005030000	20251005111500	1	al-monitor.com	https://www.al-monitor.com/originals/2025/10/israel-strikes-gaza-palestinians-pin-hopes-trumps-gaza-plan	9	1929	1994	1936	0	20	4947	-6.47571606475716		
1266848849	20251005003000	20251005111500	1	rockymounttelegram.com	https://www.rockymounttelegram.com/news/world/uk-says-it-will-restrict-repeated-protests-after-500-arrests-at-pro-palestinian-vigil/article_c500d4ae-1427-519f-bad2-d5be71a19766.html	16	2834	2816	2789	0	20	3226	-7.58754863813227		
1266848849	20251005003000	20251005111500	1	ksat.com	https://www.ksat.com/news/2025/10/05/uk-says-it-will-restrict-repeated-protests-after-500-arrests-at-pro-palestinian-vigil/	17	2852	2834	2807	0	20	3216	-7.6171875		
1266845657	20251005000000	20251005111500	1	ksat.com	https://www.ksat.com/news/2025/10/05/uk-says-it-will-restrict-repeated-protests-after-500-arrests-at-pro-palestinian-vigil/	18	3010	2940	2991	1	10	3216	-7.6171875		
1266845657	20251005000000	20251005111500	1	rockymounttelegram.com	https://www.rockymounttelegram.com/news/world/uk-says-it-will-restrict-repeated-protests-after-500-arrests-at-pro-palestinian-vigil/article_c500d4ae-1427-519f-bad2-d5be71a19766.html	17	2992	2922	2973	1	10	3226	-7.58754863813227		
1266845657	20251005000000	20251005111500	1	sanfordherald.com	https://www.sanfordherald.com/news/national/negotiators-due-in-cairo-for-gaza-ceasefire-hostage-release-talks/article_170fd171-949f-5fa6-81c3-2d81898f9d32.html	15	2607	2666	2623	1	10	4558	-5.37634408602151		
1266845657	20251005000000	20251005111500	1	benzinga.com	https://www.benzinga.com/news/politics/25/10/48032899/trump-sends-envoys-to-egypt-to-push-for-israel-hamas-ceasefire-as-netanyahu-eyes-hostage-deal	8	1294	1228	1276	0	40	2119	-4.34782608695652		
1266850119	20251005004500	20251005111500	1	al-monitor.com	https://www.al-monitor.com/originals/2025/10/israel-strikes-gaza-palestinians-pin-hopes-trumps-gaza-plan	9	1929	1994	1954	0	20	4947	-6.47571606475716		
1266848851	20251005003000	20251005111500	1	sanfordherald.com	https://www.sanfordherald.com/news/national/negotiators-due-in-cairo-for-gaza-ceasefire-hostage-release-talks/article_170fd171-949f-5fa6-81c3-2d81898f9d32.html	22	3737	3617	3677	0	20	4558	-5.37634408602151		
1266855738	20251005020000	20251005111500	1	independent.co.uk	https://www.independent.co.uk/news/world/americas/hamas-israel-donald-trump-benjamin-netanyahu-palestinians-b2839465.html	10	1242	1288	1294	1	60	5473	-3.40909090909091		
1266845673	20251005000000	20251005111500	1	israelherald.com	http://www.israelherald.com/news/278618466/antisemitism-intensifying-worldwide-since-october-7-hamas-attack-report-warns	12	3216	3199	3188	1	100	3325	-7.70712909441228		
1266845675	20251005000000	20251005111500	1	independent.co.uk	https://www.independent.co.uk/news/world/americas/hamas-israel-donald-trump-benjamin-netanyahu-palestinians-b2839465.html	28	4363	4374	4385	1	100	5473	-3.40909090909091		
1266894958	20251005111500	20251005111500	1	independent.co.uk	https://www.independent.co.uk/news/world/americas/hamas-israel-donald-trump-benjamin-netanyahu-palestinians-b2839465.html	28	4363	4374	4385	0	20	5473	-3.40909090909091		
1266858175	20251005024500	20251005111500	1	independent.co.uk	https://www.independent.co.uk/news/world/americas/hamas-israel-donald-trump-benjamin-netanyahu-palestinians-b2839465.html	17	2754	2775	2786	0	40	5473	-3.40909090909091		
1266854730	20251005014500	20251005111500	1	independent.co.uk	https://www.independent.co.uk/news/world/americas/hamas-israel-donald-trump-benjamin-netanyahu-palestinians-b2839465.html	17	2754	2775	2770	0	40	5473	-3.40909090909091		
1266871578	20251005063000	20251005111500	1	israelherald.com	http://www.israelherald.com/news/278618202/trump-sends-kushner-witkoff-to-egypt-to-help-broker-gaza-deal	10	1556	1642	1584	0	20	2170	-1.93370165745856		
1266891099	20251005103000	20251005111500	1	israelherald.com	http://www.israelherald.com/news/278618462/two-killed-amid-surge-in-israeli-arab-violence	3	428	340	393	1	60	2254	-13.5211267605634		
1266891100	20251005103000	20251005111500	1	israelherald.com	http://www.israelherald.com/news/278618462/two-killed-amid-surge-in-israeli-arab-violence	3	428	340	382	1	60	2254	-13.5211267605634		
1266848866	20251005003000	20251005111500	1	sanfordherald.com	https://www.sanfordherald.com/news/national/negotiators-due-in-cairo-for-gaza-ceasefire-hostage-release-talks/article_170fd171-949f-5fa6-81c3-2d81898f9d32.html	18	3031	3045	3097	0	40	4558	-5.37634408602151		
1266848867	20251005003000	20251005111500	1	sanfordherald.com	https://www.sanfordherald.com/news/national/negotiators-due-in-cairo-for-gaza-ceasefire-hostage-release-talks/article_170fd171-949f-5fa6-81c3-2d81898f9d32.html	18	3031	3045	3080	0	40	4558	-5.37634408602151		
1266845707	20251005000000	20251005111500	1	independent.co.uk	https://www.independent.co.uk/news/world/americas/hamas-israel-donald-trump-benjamin-netanyahu-palestinians-b2839465.html	4	391	-1	478	1	60	5473	-3.40909090909091		
1266845707	20251005000000	20251005111500	1	sanfordherald.com	https://www.sanfordherald.com/news/national/negotiators-due-in-cairo-for-gaza-ceasefire-hostage-release-talks/article_170fd171-949f-5fa6-81c3-2d81898f9d32.html	22	3622	-1	-1	0	20	4558	-5.37634408602151		
1266845715	20251005000000	20251005111500	1	al-monitor.com	https://www.al-monitor.com/originals/2025/10/israel-strikes-gaza-palestinians-pin-hopes-trumps-gaza-plan	2	362	465	414	0	10	4947	-6.47571606475716		
1266884726	20251005091500	20251005111500	1	al-monitor.com	https://www.al-monitor.com/originals/2025/10/israel-strikes-gaza-palestinians-pin-hopes-trumps-gaza-plan	2	362	520	497	0	10	4947	-6.47571606475716		
1266845726	20251005000000	20251005111500	1	al-monitor.com	https://www.al-monitor.com/originals/2025/10/israel-strikes-gaza-palestinians-pin-hopes-trumps-gaza-plan	2	362	520	476	0	10	4947	-6.47571606475716		
1266848871	20251005003000	20251005111500	1	al-monitor.com	https://www.al-monitor.com/originals/2025/10/israel-strikes-gaza-palestinians-pin-hopes-trumps-gaza-plan	22	4434	4475	4456	0	20	4947	-6.47571606475716		
1266894959	20251005111500	20251005111500	1	biztoc.com	https://biztoc.com/x/79261d428a5fbb56	1	0	-1	20	1	100	71	0		
1266884746	20251005091500	20251005111500	1	wharfedaleobserver.co.uk	https://www.wharfedaleobserver.co.uk/news/national/25518250.police-given-greater-powers-restrict-protests/	7	1365	-1	1399	1	100	3985	-4.99194847020934		
1266884746	20251005091500	20251005111500	1	thurrockgazette.co.uk	https://www.thurrockgazette.co.uk/news/national/25518250.police-given-greater-powers-restrict-protests/	7	1365	-1	1399	1	100	3985	-4.99194847020934		
1266884746	20251005091500	20251005111500	1	stalbansreview.co.uk	https://www.stalbansreview.co.uk/news/national/25518250.police-given-greater-powers-restrict-protests/	7	1365	-1	1399	1	100	3985	-4.99194847020934		
1266884746	20251005091500	20251005111500	1	wirralglobe.co.uk	https://www.wirralglobe.co.uk/news/national/25518250.police-given-greater-powers-restrict-protests/	7	1365	-1	1399	1	100	3985	-4.99194847020934		
1266877656	20251005074500	20251005111500	1	al-monitor.com	https://www.al-monitor.com/originals/2025/10/uk-police-get-new-powers-after-latest-pro-palestinian-protest	5	1182	-1	1216	1	100	1816	-6.35451505016723		
1266861697	20251005040000	20251005111500	1	hurriyetdailynews.com	https://www.hurriyetdailynews.com/japans-first-female-pm-but-takaichi-is-not-a-feminist-214325	6	1759	-1	1804	1	50	3051	0.20491803278688		
1266868009	20251005053000	20251005111500	1	hurriyetdailynews.com	https://www.hurriyetdailynews.com/japans-first-female-pm-but-takaichi-is-not-a-feminist-214325	5	1674	-1	1705	1	50	3051	0.20491803278688		
1266885796	20251005093000	20251005111500	1	wfmj.com	https://www.wfmj.com/story/53135914/ap-reader-question-have-agencies-violated-the-hatch-act-by-using-democrat-blaming-language-online	7	1295	-1	1303	1	100	1530	-5.50847457627119		
1266894960	20251005111500	20251005111500	1	hindustantimes.com	https://www.hindustantimes.com/world-news/us-news/who-is-deborah-boardman-federal-judge-slammed-over-lenient-sentence-in-kavanaugh-assassination-plot-101759634301437.html	5	1399	-1	1339	1	100	3073	-2.25409836065574		
1266894961	20251005111500	20251005111500	1	manchestereveningnews.co.uk	https://www.manchestereveningnews.co.uk/news/tv/strictly-come-dancing-fans-cant-32613789	8	2105	-1	2100	1	60	3369	0.17513134851139		
1266894962	20251005111500	20251005111500	1	wfmj.com	https://www.wfmj.com/story/53135914/ap-reader-question-have-agencies-violated-the-hatch-act-by-using-democrat-blaming-language-online	7	1295	-1	1256	1	100	1530	-5.50847457627119		
1266847383	20251005001500	20251005111500	1	wbaa.org	https://www.wbaa.org/2025-10-05/some-democrats-share-trumps-goal-of-forcing-more-homeless-people-into-medical-care	9	2168	-1	2209	0	20	12215	-3.93258426966292		
1266847383	20251005001500	20251005111500	1	delawarepublic.org	https://www.delawarepublic.org/npr-headlines/2025-10-05/some-democrats-share-trumps-goal-of-forcing-more-homeless-people-into-medical-care	9	2168	-1	2209	0	20	12215	-3.93258426966292		
1266847383	20251005001500	20251005111500	1	kunm.org	https://www.kunm.org/npr-news/2025-10-04/some-democrats-share-trumps-goal-of-forcing-more-homeless-people-into-medical-care	9	2168	-1	2209	0	20	12215	-3.93258426966292		
1266847383	20251005001500	20251005111500	1	wpsu.org	https://radio.wpsu.org/2025-10-05/some-democrats-share-trumps-goal-of-forcing-more-homeless-people-into-medical-care	9	2168	-1	2209	0	20	12215	-3.93258426966292		
1266847383	20251005001500	20251005111500	1	kpcw.org	https://www.kpcw.org/npr-top-stories/2025-10-04/some-democrats-share-trumps-goal-of-forcing-more-homeless-people-into-medical-care	9	2168	-1	2209	0	20	12215	-3.93258426966292		
1266876385	20251005073000	20251005111500	1	kunm.org	https://www.kunm.org/npr-news/2025-10-04/some-democrats-share-trumps-goal-of-forcing-more-homeless-people-into-medical-care	9	2168	-1	2209	0	20	12215	-3.93258426966292		
1266876385	20251005073000	20251005111500	1	wpsu.org	https://radio.wpsu.org/2025-10-05/some-democrats-share-trumps-goal-of-forcing-more-homeless-people-into-medical-care	9	2168	-1	2209	0	20	12215	-3.93258426966292		
1266876385	20251005073000	20251005111500	1	kpcw.org	https://www.kpcw.org/npr-top-stories/2025-10-04/some-democrats-share-trumps-goal-of-forcing-more-homeless-people-into-medical-care	9	2168	-1	2209	0	20	12215	-3.93258426966292		
1266876385	20251005073000	20251005111500	1	delawarepublic.org	https://www.delawarepublic.org/npr-headlines/2025-10-05/some-democrats-share-trumps-goal-of-forcing-more-homeless-people-into-medical-care	9	2168	-1	2209	0	20	12215	-3.93258426966292		
1266876385	20251005073000	20251005111500	1	wbaa.org	https://www.wbaa.org/2025-10-05/some-democrats-share-trumps-goal-of-forcing-more-homeless-people-into-medical-care	9	2168	-1	2209	0	20	12215	-3.93258426966292		
1266865137	20251005044500	20251005111500	1	wbaa.org	https://www.wbaa.org/2025-10-05/some-democrats-share-trumps-goal-of-forcing-more-homeless-people-into-medical-care	9	2168	-1	2209	1	60	12215	-3.93258426966292		
1266865137	20251005044500	20251005111500	1	delawarepublic.org	https://www.delawarepublic.org/npr-headlines/2025-10-05/some-democrats-share-trumps-goal-of-forcing-more-homeless-people-into-medical-care	9	2168	-1	2209	1	60	12215	-3.93258426966292		
1266865137	20251005044500	20251005111500	1	kunm.org	https://www.kunm.org/npr-news/2025-10-04/some-democrats-share-trumps-goal-of-forcing-more-homeless-people-into-medical-care	9	2168	-1	2209	1	60	12215	-3.93258426966292		
1266865137	20251005044500	20251005111500	1	kpcw.org	https://www.kpcw.org/npr-top-stories/2025-10-04/some-democrats-share-trumps-goal-of-forcing-more-homeless-people-into-medical-care	9	2168	-1	2209	1	60	12215	-3.93258426966292		
1266865137	20251005044500	20251005111500	1	wpsu.org	https://radio.wpsu.org/2025-10-05/some-democrats-share-trumps-goal-of-forcing-more-homeless-people-into-medical-care	9	2168	-1	2209	1	60	12215	-3.93258426966292		
1266894963	20251005111500	20251005111500	1	leinsterexpress.ie	https://www.leinsterexpress.ie/news/crime---court/1910548/unforgiveable-driver-doing-177kph-with-two-unrestrained-kids-in-car-in-laois.html	1	79	-1	85	1	100	2605	-4.83193277310924		
1266894964	20251005111500	20251005111500	1	hindustantimes.com	https://www.hindustantimes.com/world-news/us-news/who-is-deborah-boardman-federal-judge-slammed-over-lenient-sentence-in-kavanaugh-assassination-plot-101759634301437.html	5	1399	-1	1384	1	100	3073	-2.25409836065574		
1266848331	20251005003000	20251005111500	1	standard.co.uk	https://www.standard.co.uk/news/london/marcus-fakana-death-crash-teenager-court-tottenham-b1251306.html	2	190	-1	219	1	100	255	-12.7659574468085		
1266894965	20251005111500	20251005111500	1	manchestereveningnews.co.uk	https://www.manchestereveningnews.co.uk/news/tv/strictly-come-dancing-fans-cant-32613789	8	2105	2129	2100	0	20	3369	0.17513134851139		
1266865147	20251005044500	20251005111500	1	delawarepublic.org	https://www.delawarepublic.org/npr-headlines/2025-10-05/some-democrats-share-trumps-goal-of-forcing-more-homeless-people-into-medical-care	18	4089	4214	4121	1	50	12215	-3.93258426966292		
1266865147	20251005044500	20251005111500	1	wpsu.org	https://radio.wpsu.org/2025-10-05/some-democrats-share-trumps-goal-of-forcing-more-homeless-people-into-medical-care	18	4089	4214	4121	1	50	12215	-3.93258426966292		
1266865147	20251005044500	20251005111500	1	kpcw.org	https://www.kpcw.org/npr-top-stories/2025-10-04/some-democrats-share-trumps-goal-of-forcing-more-homeless-people-into-medical-care	18	4089	4214	4121	1	50	12215	-3.93258426966292		
1266865147	20251005044500	20251005111500	1	kunm.org	https://www.kunm.org/npr-news/2025-10-04/some-democrats-share-trumps-goal-of-forcing-more-homeless-people-into-medical-care	18	4089	4214	4121	1	50	12215	-3.93258426966292		
1266865147	20251005044500	20251005111500	1	wbaa.org	https://www.wbaa.org/2025-10-05/some-democrats-share-trumps-goal-of-forcing-more-homeless-people-into-medical-care	18	4089	4214	4121	1	50	12215	-3.93258426966292		
1266894966	20251005111500	20251005111500	1	hindustantimes.com	https://www.hindustantimes.com/world-news/us-news/who-is-deborah-boardman-federal-judge-slammed-over-lenient-sentence-in-kavanaugh-assassination-plot-101759634301437.html	1	111	178	232	1	60	3073	-2.25409836065574		
1266894967	20251005111500	20251005111500	1	hindustantimes.com	https://www.hindustantimes.com/world-news/us-news/who-is-deborah-boardman-federal-judge-slammed-over-lenient-sentence-in-kavanaugh-assassination-plot-101759634301437.html	1	111	178	258	1	60	3073	-2.25409836065574		
1266865155	20251005044500	20251005111500	1	wbaa.org	https://www.wbaa.org/2025-10-05/some-democrats-share-trumps-goal-of-forcing-more-homeless-people-into-medical-care	20	4894	4934	4943	1	30	12215	-3.93258426966292		
1266865155	20251005044500	20251005111500	1	wpsu.org	https://radio.wpsu.org/2025-10-05/some-democrats-share-trumps-goal-of-forcing-more-homeless-people-into-medical-care	20	4894	4934	4943	1	30	12215	-3.93258426966292		
1266865155	20251005044500	20251005111500	1	kpcw.org	https://www.kpcw.org/npr-top-stories/2025-10-04/some-democrats-share-trumps-goal-of-forcing-more-homeless-people-into-medical-care	20	4894	4934	4943	1	30	12215	-3.93258426966292		
1266865155	20251005044500	20251005111500	1	kunm.org	https://www.kunm.org/npr-news/2025-10-04/some-democrats-share-trumps-goal-of-forcing-more-homeless-people-into-medical-care	20	4894	4934	4943	1	30	12215	-3.93258426966292		
1266865155	20251005044500	20251005111500	1	delawarepublic.org	https://www.delawarepublic.org/npr-headlines/2025-10-05/some-democrats-share-trumps-goal-of-forcing-more-homeless-people-into-medical-care	20	4894	4934	4943	1	30	12215	-3.93258426966292		
1266847393	20251005001500	20251005111500	1	pressenterpriseonline.com	https://www.pressenterpriseonline.com/apnews/trump-plans-to-federalize-300-troops-in-illinois-judge-blocks-similar-mobilization-in-oregon	28	7002	7025	7018	1	80	7364	-6.13656006914434		
1266853985	20251005013000	20251005111500	1	pressenterpriseonline.com	https://www.pressenterpriseonline.com/apnews/trump-plans-to-federalize-300-troops-in-illinois-judge-blocks-similar-mobilization-in-oregon	28	7002	7025	7018	0	20	7364	-6.13656006914434		
1266894968	20251005111500	20251005111500	1	hindustantimes.com	https://www.hindustantimes.com/world-news/us-news/who-is-deborah-boardman-federal-judge-slammed-over-lenient-sentence-in-kavanaugh-assassination-plot-101759634301437.html	1	111	339	249	0	20	3073	-2.25409836065574		
1266894969	20251005111500	20251005111500	1	hindustantimes.com	https://www.hindustantimes.com/world-news/us-news/who-is-deborah-boardman-federal-judge-slammed-over-lenient-sentence-in-kavanaugh-assassination-plot-101759634301437.html	1	111	339	275	0	20	3073	-2.25409836065574		
1266894970	20251005111500	20251005111500	1	standardmedia.co.ke	https://www.standardmedia.co.ke/rift-valley/article/2001531133/maasai-culture-in-spotlight-as-ole-munke-launches-beautiful-burdens	6	1440	-1	1541	0	40	4091	2.57234726688103		
1266894971	20251005111500	20251005111500	1	pajhwok.com	https://pajhwok.com/2025/10/05/kyrgyzstan-sends-130-tonnes-aid-to-quake-hit-afghans/	3	192	343	313	0	20	1346	5.71428571428572		
1266894972	20251005111500	20251005111500	1	pajhwok.com	https://pajhwok.com/2025/10/05/kyrgyzstan-sends-130-tonnes-aid-to-quake-hit-afghans/	8	1300	1334	1320	1	60	1346	5.71428571428572		
1266894973	20251005111500	20251005111500	1	pajhwok.com	https://pajhwok.com/2025/10/05/kyrgyzstan-sends-130-tonnes-aid-to-quake-hit-afghans/	8	1300	1358	1343	0	20	1346	5.71428571428572		
1266894974	20251005111500	20251005111500	1	pajhwok.com	https://pajhwok.com/2025/10/05/kyrgyzstan-sends-130-tonnes-aid-to-quake-hit-afghans/	8	1300	1358	1343	0	20	1346	5.71428571428572		
1266894975	20251005111500	20251005111500	1	pajhwok.com	https://pajhwok.com/2025/10/05/kyrgyzstan-sends-130-tonnes-aid-to-quake-hit-afghans/	1	0	41	11	1	100	1346	5.71428571428572		
1266894976	20251005111500	20251005111500	1	pajhwok.com	https://pajhwok.com/2025/10/05/kyrgyzstan-sends-130-tonnes-aid-to-quake-hit-afghans/	3	192	323	298	1	50	1346	5.71428571428572		
1266894977	20251005111500	20251005111500	1	independent.co.uk	https://www.independent.co.uk/news/world/americas/us-politics/noem-pritzker-bathroom-ice-illinois-b2839436.html	7	1455	1405	1396	0	40	3484	-4.76190476190476		
1266894978	20251005111500	20251005111500	1	independent.co.uk	https://www.independent.co.uk/news/world/americas/us-politics/noem-pritzker-bathroom-ice-illinois-b2839436.html	11	2452	2429	2443	0	80	3484	-4.76190476190476		
1266894979	20251005111500	20251005111500	1	independent.co.uk	https://www.independent.co.uk/news/world/americas/us-politics/noem-pritzker-bathroom-ice-illinois-b2839436.html	7	1455	1405	1490	0	40	3484	-4.76190476190476		
1266894980	20251005111500	20251005111500	1	ammonnews.net	http://en.ammonnews.net/article/85328	1	73	55	41	0	20	522	-2.85714285714286		
1266887214	20251005094500	20251005111500	1	thestatesman.com	https://www.thestatesman.com/india/bihar-assembly-elections-2025-to-be-held-before-nov-22-cec-gyanesh-kumar-1503495149.html	2	205	-1	124	0	20	2738	4.81651376146789		
1266894981	20251005111500	20251005111500	1	scmp.com	https://www.scmp.com/news/hong-kong/politics/article/3327924/legco-delegations-shun-west-4-years-first-hong-kong-handover	2	439	-1	448	1	50	1138	-1.52284263959391		
1266894982	20251005111500	20251005111500	1	scmp.com	https://www.scmp.com/news/hong-kong/politics/article/3327924/legco-delegations-shun-west-4-years-first-hong-kong-handover	2	439	-1	524	1	50	1138	-1.52284263959391		
1266894983	20251005111500	20251005111500	1	postandcourier.com	https://www.postandcourier.com/politics/sc-legislation-child-sex-crimes-lawmakers/article_5da4f674-9d72-4f03-8711-800ee57c5bb4.html	19	5021	-1	5036	1	100	6082	-9.91820040899792		
1266894984	20251005111500	20251005111500	1	pajhwok.com	https://pajhwok.com/2025/10/05/kyrgyzstan-sends-130-tonnes-aid-to-quake-hit-afghans/	6	913	1054	1067	0	10	1346	5.71428571428572		
1266894985	20251005111500	20251005111500	1	neindia.com	https://neindia.com/cec-reviews-bihar-poll-preparedness-focuses-on-curbing-money-and-muscle-power/	1	186	289	239	0	40	1971	-1.01010101010101		
1266894986	20251005111500	20251005111500	1	scmp.com	https://www.scmp.com/news/hong-kong/politics/article/3327924/legco-delegations-shun-west-4-years-first-hong-kong-handover	1	86	130	106	1	100	1138	-1.52284263959391		
1266894987	20251005111500	20251005111500	1	pajhwok.com	https://pajhwok.com/2025/10/05/kyrgyzstan-sends-130-tonnes-aid-to-quake-hit-afghans/	6	913	1008	972	0	10	1346	5.71428571428572		
1266894988	20251005111500	20251005111500	1	pajhwok.com	https://pajhwok.com/2025/10/05/kyrgyzstan-sends-130-tonnes-aid-to-quake-hit-afghans/	6	913	987	949	1	70	1346	5.71428571428572		
1266894989	20251005111500	20251005111500	1	go.com	https://abcnews.go.com/International/wireStory/balloons-carrying-smuggled-cigarettes-lithuania-closed-vilnius-airport-126226422	4	1201	1231	1212	1	100	2215	-5.42168674698796		
1266894990	20251005111500	20251005111500	1	go.com	https://abcnews.go.com/International/wireStory/balloons-carrying-smuggled-cigarettes-lithuania-closed-vilnius-airport-126226422	4	1201	1231	1247	1	100	2215	-5.42168674698796		
1266894991	20251005111500	20251005111500	1	thenationonlineng.net	https://thenationonlineng.net/teachers-day-2025-they-are-real-heroes-says-first-lady-tinubu/	7	1402	1470	1464	1	80	1644	4.296875		
1266894992	20251005111500	20251005111500	1	leadership.ng	https://leadership.ng/wike-fubara-amaewhule-meet-rivers-elders-council/	2	203	300	251	0	30	1497	-0.851063829787236		
1266894993	20251005111500	20251005111500	1	leadership.ng	https://leadership.ng/wike-fubara-amaewhule-meet-rivers-elders-council/	2	202	317	262	1	30	1497	-0.851063829787236		
1266894994	20251005111500	20251005111500	1	thenationonlineng.net	https://thenationonlineng.net/teachers-day-2025-they-are-real-heroes-says-first-lady-tinubu/	7	1402	1470	1430	1	40	1644	4.296875		
1266894995	20251005111500	20251005111500	1	go.com	https://abcnews.go.com/International/wireStory/balloons-carrying-smuggled-cigarettes-lithuania-closed-vilnius-airport-126226422	3	972	941	962	1	80	2215	-5.42168674698796		
1266894996	20251005111500	20251005111500	1	go.com	https://abcnews.go.com/International/wireStory/balloons-carrying-smuggled-cigarettes-lithuania-closed-vilnius-airport-126226422	3	971	941	961	0	20	2215	-5.42168674698796		
1266894997	20251005111500	20251005111500	1	mirror.co.uk	https://www.mirror.co.uk/tv/tv-news/5-shows-lincoln-lawyer-fans-36016465	8	3821	-1	3846	1	50	4100	0.1497005988024		
1266894998	20251005111500	20251005111500	1	mirror.co.uk	https://www.mirror.co.uk/tv/tv-news/5-shows-lincoln-lawyer-fans-36016465	8	3821	-1	3884	1	50	4100	0.1497005988024		
1266884784	20251005091500	20251005111500	1	crookwellgazette.com.au	https://www.crookwellgazette.com.au/story/9081673/william-calls-for-urgent-action-to-fix-the-planet/	3	876	-1	834	1	60	2653	4.29864253393665		
1266884784	20251005091500	20251005111500	1	edenmagnet.com.au	https://www.edenmagnet.com.au/story/9081673/william-calls-for-urgent-action-to-fix-the-planet/	3	876	-1	834	1	60	2653	4.29864253393665		
1266884784	20251005091500	20251005111500	1	cessnockadvertiser.com.au	https://www.cessnockadvertiser.com.au/story/9081673/william-calls-for-urgent-action-to-fix-the-planet/	3	876	-1	834	1	60	2653	4.29864253393665		
1266884784	20251005091500	20251005111500	1	dungogchronicle.com.au	https://www.dungogchronicle.com.au/story/9081673/william-calls-for-urgent-action-to-fix-the-planet/	3	876	-1	834	1	60	2653	4.29864253393665		
1266884784	20251005091500	20251005111500	1	blayneychronicle.com.au	https://www.blayneychronicle.com.au/story/9081673/william-calls-for-urgent-action-to-fix-the-planet/	3	876	-1	834	1	60	2653	4.29864253393665		
1266883479	20251005090000	20251005111500	1	edenmagnet.com.au	https://www.edenmagnet.com.au/story/9081673/william-calls-for-urgent-action-to-fix-the-planet/	3	876	-1	834	0	40	2653	4.29864253393665		
1266883479	20251005090000	20251005111500	1	cessnockadvertiser.com.au	https://www.cessnockadvertiser.com.au/story/9081673/william-calls-for-urgent-action-to-fix-the-planet/	3	876	-1	834	0	40	2653	4.29864253393665		
1266883479	20251005090000	20251005111500	1	dungogchronicle.com.au	https://www.dungogchronicle.com.au/story/9081673/william-calls-for-urgent-action-to-fix-the-planet/	3	876	-1	834	0	40	2653	4.29864253393665		
1266883479	20251005090000	20251005111500	1	blayneychronicle.com.au	https://www.blayneychronicle.com.au/story/9081673/william-calls-for-urgent-action-to-fix-the-planet/	3	876	-1	834	0	40	2653	4.29864253393665		
1266883479	20251005090000	20251005111500	1	crookwellgazette.com.au	https://www.crookwellgazette.com.au/story/9081673/william-calls-for-urgent-action-to-fix-the-planet/	3	876	-1	834	0	40	2653	4.29864253393665		
1266860358	20251005030000	20251005111500	1	standard.co.uk	https://www.standard.co.uk/showbiz/eric-clapton-planning-row-neighbours-ewhurst-surrey-b1251310.html	1	126	-1	150	1	100	233	0		
1266847441	20251005001500	20251005111500	1	independent.co.uk	https://www.independent.co.uk/news/world/americas/hamas-israel-donald-trump-benjamin-netanyahu-palestinians-b2839465.html	30	4653	-1	4580	1	100	5473	-3.40909090909091		
1266857255	20251005023000	20251005111500	1	hindustantimes.com	https://www.hindustantimes.com/entertainment/tamil-cinema/rajinikanth-takes-a-spiritual-break-in-rishikesh-eats-food-from-pattal-on-a-roadside-see-pics-101759656357316.html	5	1772	-1	1751	1	50	1926	8.38509316770186		
1266894999	20251005111500	20251005111500	1	thestatesman.com	https://www.thestatesman.com/world/pakistans-continued-neglect-deepens-balochistans-crisis-of-rights-identity-1503495096.html	3	795	-1	735	1	60	2170	0		
1266895000	20251005111500	20251005111500	1	indianexpress.com	https://indianexpress.com/article/india/bihar-assembly-polls-date-november-22-election-commission-10289182/	9	4061	-1	4067	1	50	4448	1.03092783505155		
1266857590	20251005023000	20251005111500	1	leinsterexpress.ie	https://www.leinsterexpress.ie/news/national-news/1910941/guards-warn-against-social-media-prank-sending-ai-intruder-images-to-loved-ones.html	5	739	-1	756	1	100	1069	-9.49720670391065		
1266857590	20251005023000	20251005111500	1	longfordleader.ie	https://www.longfordleader.ie/news/national-news/1910941/guards-warn-against-social-media-prank-sending-ai-intruder-images-to-loved-ones.html	5	739	-1	756	1	100	1069	-9.49720670391065		
1266878782	20251005080000	20251005111500	1	leinsterexpress.ie	https://www.leinsterexpress.ie/news/national-news/1910941/guards-warn-against-social-media-prank-sending-ai-intruder-images-to-loved-ones.html	2	157	-1	115	1	100	1069	-9.49720670391065		
1266878782	20251005080000	20251005111500	1	longfordleader.ie	https://www.longfordleader.ie/news/national-news/1910941/guards-warn-against-social-media-prank-sending-ai-intruder-images-to-loved-ones.html	2	157	-1	115	1	100	1069	-9.49720670391065		
1266895001	20251005111500	20251005111500	1	shetnews.co.uk	https://www.shetnews.co.uk/2025/10/05/new-low-pressure-record-october/	5	1105	1131	1116	1	100	1414	-6.61157024793388		
1266895002	20251005111500	20251005111500	1	hindustantimes.com	https://www.hindustantimes.com/entertainment/tamil-cinema/rajinikanth-takes-a-spiritual-break-in-rishikesh-eats-food-from-pattal-on-a-roadside-see-pics-101759656357316.html	4	1363	1387	1375	1	100	1926	8.38509316770186		
1266895003	20251005111500	20251005111500	1	thestatesman.com	https://www.thestatesman.com/world/pakistans-continued-neglect-deepens-balochistans-crisis-of-rights-identity-1503495096.html	3	807	789	735	0	20	2170	0		
1266895004	20251005111500	20251005111500	1	postandcourier.com	https://www.postandcourier.com/business/meta-delivers-the-jolt-that-revived-a-stalled-sc-solar-deal/article_ac2a1680-2998-4f56-b16a-c2782bf1c24c.html	7	1712	1759	1734	1	100	4387	1.28755364806867		
1266895005	20251005111500	20251005111500	1	mirror.co.uk	https://www.mirror.co.uk/news/us-news/evil-dad-abducts-kids-commits-35991374	4	376	-1	415	0	20	4797	-5.42822677925211		
1266895006	20251005111500	20251005111500	1	mirror.co.uk	https://www.mirror.co.uk/news/us-news/evil-dad-abducts-kids-commits-35991374	18	4607	-1	4648	0	40	4797	-5.42822677925211		
1266895007	20251005111500	20251005111500	1	mirror.co.uk	https://www.mirror.co.uk/tv/tv-news/5-shows-lincoln-lawyer-fans-36016465	7	3590	-1	3648	0	40	4100	0.1497005988024		
1266895008	20251005111500	20251005111500	1	coloradosun.com	https://coloradosun.com/2025/10/05/nicolais-colorado-trump-troops-deploy/	16	4201	-1	4220	1	40	5979	-4.68909276248725		
1266895009	20251005111500	20251005111500	1	coloradosun.com	https://coloradosun.com/2025/10/05/nicolais-colorado-trump-troops-deploy/	16	4201	-1	4220	0	10	5979	-4.68909276248725		
1266885842	20251005093000	20251005111500	1	newsargus.com	https://www.newsargus.com/news/national/landslides-and-floods-kill-63-in-nepal-india/article_ad36a514-9f99-5eac-a78d-0c0f2bf806c1.html	6	970	-1	1006	1	100	3095	-8.21052631578952		
1266885842	20251005093000	20251005111500	1	sanfordherald.com	https://www.sanfordherald.com/news/national/landslides-and-floods-kill-63-in-nepal-india/article_9aee20fa-c1f1-5628-b1a6-1678869c0a8c.html	6	970	-1	1006	1	100	3095	-8.21052631578952		
1266891173	20251005103000	20251005111500	1	tvguide.co.uk	https://www.tvguide.co.uk/schedule/f15be415-294a-58de-9a31-981ee45f96e3/young-guns-of-texas	1	117	154	140	1	100	690	-4.16666666666666		
1266887245	20251005094500	20251005111500	1	israelherald.com	http://www.israelherald.com/news/278618413/iran-executes-six-over-alleged-israel-backed-attacks-rights-groups-allege-torture-and-forced-confessions	6	1066	1042	992	1	60	2797	-8.90868596881958		
1266887248	20251005094500	20251005111500	1	israelherald.com	http://www.israelherald.com/news/278618413/iran-executes-six-over-alleged-israel-backed-attacks-rights-groups-allege-torture-and-forced-confessions	6	1058	1020	992	0	40	2797	-8.90868596881958		
1266848116	20251005000000	20251005111500	1	hurriyetdailynews.com	https://www.hurriyetdailynews.com/populist-billionaire-babis-wins-czech-general-election-214326	4	1063	1079	1055	1	80	1832	5.03355704697987		
1266869679	20251005060000	20251005111500	1	hurriyetdailynews.com	https://www.hurriyetdailynews.com/populist-billionaire-babis-wins-czech-general-election-214326	4	1088	-1	1079	0	20	1832	5.03355704697987		
1266895010	20251005111500	20251005111500	1	indiatimes.com	https://economictimes.indiatimes.com/news/international/global-trends/as-shutdown-drags-on-us-voters-see-blame-game-threatening-democrats-and-republicans/articleshow/124319248.cms	6	1523	-1	1437	1	50	6786	-3.74087591240876		
1266895011	20251005111500	20251005111500	1	independent.com.mt	https://www.independent.com.mt/articles/2025-10-05/local-news/Gozo-is-not-second-class-Alex-Borg-urges-investment-in-Gozo-s-youth-health-and-connectivity-6736273691	1	40	-1	46	0	60	6515	1.27853881278539		
1266895012	20251005111500	20251005111500	1	independent.com.mt	https://www.independent.com.mt/articles/2025-10-05/local-news/Gozo-is-not-second-class-Alex-Borg-urges-investment-in-Gozo-s-youth-health-and-connectivity-6736273691	13	4009	-1	4067	0	30	6515	1.27853881278539		
1266895013	20251005111500	20251005111500	1	independent.com.mt	https://www.independent.com.mt/articles/2025-10-05/local-news/Gozo-is-not-second-class-Alex-Borg-urges-investment-in-Gozo-s-youth-health-and-connectivity-6736273691	23	6116	-1	6122	0	40	6515	1.27853881278539		
1266895014	20251005111500	20251005111500	1	independent.com.mt	https://www.independent.com.mt/articles/2025-10-05/local-news/Gozo-is-not-second-class-Alex-Borg-urges-investment-in-Gozo-s-youth-health-and-connectivity-6736273691	6	935	1003	941	0	20	6515	1.27853881278539		
1266895015	20251005111500	20251005111500	1	dailypolitical.com	https://www.dailypolitical.com/2025/10/05/verus-wealth-management-llc-makes-new-investment-in-fortis-fts.html	11	4627	-1	4657	1	100	5128	2.70618556701031		
1266860784	20251005033000	20251005111500	1	al-monitor.com	https://www.al-monitor.com/originals/2025/10/opec-meets-future-oil-production-hanging-balance	5	875	-1	913	1	60	3369	-5.0561797752809		
1266860785	20251005033000	20251005111500	1	al-monitor.com	https://www.al-monitor.com/originals/2025/10/opec-meets-future-oil-production-hanging-balance	5	875	895	908	0	40	3369	-5.0561797752809		
1266870692	20251005061500	20251005111500	1	dailypolitical.com	https://www.dailypolitical.com/2025/10/05/integrated-capital-management-llc-sells-205-shares-of-the-sherwin-williams-company-shw.html	8	6360	-1	6400	1	100	6974	2.47855100095329		
1266870692	20251005061500	20251005111500	1	dailypolitical.com	https://www.dailypolitical.com/2025/10/05/merit-financial-group-llc-has-14-81-million-position-in-blackrock-blk.html	10	5742	-1	5775	1	100	6328	2.63713080168777		
1266862114	20251005040000	20251005111500	1	dailypolitical.com	https://www.dailypolitical.com/2025/10/05/hubbell-strickland-wealth-management-llc-has-759000-stake-in-ishares-sp-mid-cap-400-growth-etf-ijk.html	6	2976	-1	3030	1	100	3409	1.80505415162455		
1266862114	20251005040000	20251005111500	1	dailypolitical.com	https://www.dailypolitical.com/2025/10/05/jsf-financial-llc-grows-stock-holdings-in-ishares-sp-small-cap-600-value-etf-ijs.html	5	3142	-1	3197	1	100	3615	2.09059233449477		
1266862114	20251005040000	20251005111500	1	dailypolitical.com	https://www.dailypolitical.com/2025/10/05/ishares-russell-2000-growth-etf-iwo-shares-bought-by-noble-family-wealth-llc.html	10	3061	-1	3111	1	100	3545	1.89753320683112		
1266895016	20251005111500	20251005111500	1	dailypolitical.com	https://www.dailypolitical.com/2025/10/05/hubbell-strickland-wealth-management-llc-has-759000-stake-in-ishares-sp-mid-cap-400-growth-etf-ijk.html	3	2177	-1	2289	1	100	3409	1.80505415162455		
1266895016	20251005111500	20251005111500	1	dailypolitical.com	https://www.dailypolitical.com/2025/10/05/jsf-financial-llc-grows-stock-holdings-in-ishares-sp-small-cap-600-value-etf-ijs.html	2	2338	-1	2452	1	100	3615	2.09059233449477		
1266895016	20251005111500	20251005111500	1	dailypolitical.com	https://www.dailypolitical.com/2025/10/05/ishares-russell-2000-growth-etf-iwo-shares-bought-by-noble-family-wealth-llc.html	6	2393	-1	2451	1	100	3545	1.89753320683112		
1266895017	20251005111500	20251005111500	1	focustaiwan.tw	https://focustaiwan.tw/culture/202510050006	1	258	-1	277	1	100	1003	2.3391812865497		
1266895017	20251005111500	20251005111500	1	focustaiwan.tw	https://focustaiwan.tw:443/culture/202510050006	1	258	-1	277	1	100	1003	2.3391812865497		
1266869709	20251005060000	20251005111500	1	thenationonlineng.net	https://thenationonlineng.net/first-lady-empowers-500-women-in-edo/	7	1894	-1	1904	0	30	2251	8.18713450292398		
1266895018	20251005111500	20251005111500	1	thenationonlineng.net	https://thenationonlineng.net/teachers-day-2025-they-are-real-heroes-says-first-lady-tinubu/	3	738	-1	765	0	60	1644	4.296875		
1266895018	20251005111500	20251005111500	1	thenationonlineng.net	https://thenationonlineng.net/dss-apologises-releases-wrongfully-arrested-journalists/	4	861	-1	888	0	60	1650	-4.19847328244275		
1266895019	20251005111500	20251005111500	1	thenationonlineng.net	https://thenationonlineng.net/first-lady-empowers-500-women-in-edo/	5	1368	-1	1376	0	40	2251	8.18713450292398		
1266895020	20251005111500	20251005111500	1	leadership.ng	https://leadership.ng/wike-fubara-amaewhule-meet-rivers-elders-council/	2	317	202	262	1	20	1497	-0.851063829787236		
1266895021	20251005111500	20251005111500	1	leadership.ng	https://leadership.ng/wike-fubara-amaewhule-meet-rivers-elders-council/	2	300	203	251	0	40	1497	-0.851063829787236		
1266880007	20251005081500	20251005111500	1	thenationonlineng.net	https://thenationonlineng.net/high-point-of-nigerias-participation-at-unga-80-2/	18	4671	4757	4679	0	10	7475	1.64075993091537		
1266880008	20251005081500	20251005111500	1	thenationonlineng.net	https://thenationonlineng.net/high-point-of-nigerias-participation-at-unga-80-2/	18	4671	4757	4746	0	10	7475	1.64075993091537		
1266880010	20251005081500	20251005111500	1	thenationonlineng.net	https://thenationonlineng.net/high-point-of-nigerias-participation-at-unga-80-2/	1	373	453	405	0	20	7475	1.64075993091537		
1266880011	20251005081500	20251005111500	1	thenationonlineng.net	https://thenationonlineng.net/high-point-of-nigerias-participation-at-unga-80-2/	6	1540	-1	1548	0	10	7475	1.64075993091537		
1266880012	20251005081500	20251005111500	1	thenationonlineng.net	https://thenationonlineng.net/high-point-of-nigerias-participation-at-unga-80-2/	6	1540	1705	1818	0	10	7475	1.64075993091537		
1266895022	20251005111500	20251005111500	1	thenationonlineng.net	https://thenationonlineng.net/teachers-day-2025-they-are-real-heroes-says-first-lady-tinubu/	7	1410	1466	1460	0	20	1644	4.296875		
1266895023	20251005111500	20251005111500	1	thenationonlineng.net	https://thenationonlineng.net/teachers-day-2025-they-are-real-heroes-says-first-lady-tinubu/	7	1410	1466	1426	0	10	1644	4.296875		
1266887301	20251005094500	20251005111500	1	israelherald.com	http://www.israelherald.com/news/278618413/iran-executes-six-over-alleged-israel-backed-attacks-rights-groups-allege-torture-and-forced-confessions	8	1318	1446	1457	1	50	2797	-8.90868596881958		
1266887302	20251005094500	20251005111500	1	israelherald.com	http://www.israelherald.com/news/278618413/iran-executes-six-over-alleged-israel-backed-attacks-rights-groups-allege-torture-and-forced-confessions	8	1318	1446	1421	1	50	2797	-8.90868596881958		
1266887303	20251005094500	20251005111500	1	israelherald.com	http://www.israelherald.com/news/278618413/iran-executes-six-over-alleged-israel-backed-attacks-rights-groups-allege-torture-and-forced-confessions	12	2060	2091	2100	1	100	2797	-8.90868596881958		
1266895024	20251005111500	20251005111500	1	nme.com	https://www.nme.com/news/music/drummer-alex-bent-announces-departure-from-trivium-this-is-by-no-means-the-end-of-my-path-as-a-musician-3897219	9	1958	-1	1945	1	10	2359	-0.24096385542169		
1266895025	20251005111500	20251005111500	1	nme.com	https://www.nme.com/news/music/drummer-alex-bent-announces-departure-from-trivium-this-is-by-no-means-the-end-of-my-path-as-a-musician-3897219	9	1958	2040	1945	0	20	2359	-0.24096385542169		
1266883557	20251005090000	20251005111500	1	dominicanrepublicpost.com	https://dominicanrepublicpost.com/at-least-47-killed-in-nepal-as-heavy-rains-trigger-landslides-flash-floods/	7	1798	1811	1827	1	100	3511	-6.89013035381751		
1266895026	20251005111500	20251005111500	1	thestatesman.com	https://www.thestatesman.com/india/pm-modi-condoles-loss-of-lives-in-nepal-floods-assures-assistance-1503495192.html	1	34	49	57	1	50	1698	-4.37956204379562		
1266895027	20251005111500	20251005111500	1	hindustantimes.com	https://www.hindustantimes.com/india-news/darjeeling-landslide-news-live-updates-weather-rain-west-bengal-nepal-bhutan-101759658483533.html	5	863	-1	874	0	20	2338	-9.0659340659341		
1266895028	20251005111500	20251005111500	1	businessinsider.com	https://www.businessinsider.com/quiet-quitting-made-my-work-burnout-worse-2025-10	9	2540	2572	2559	1	80	4086	-3.29218106995884		
1266895029	20251005111500	20251005111500	1	businessinsider.com	https://www.businessinsider.com/quiet-quitting-made-my-work-burnout-worse-2025-10	9	2540	2572	2559	0	20	4086	-3.29218106995884		
1266895030	20251005111500	20251005111500	1	omanobserver.om	https://www.omanobserver.om/article/1177598/oman/labour/qatari-team-reviews-omans-trade-union-system	1	346	363	353	0	10	1976	0.70671378091873		
1266895031	20251005111500	20251005111500	1	thestatesman.com	https://www.thestatesman.com/india/sonam-wangchuk-says-prepared-to-stay-in-jail-until-judicial-inquiry-into-ladakh-killings-1503495114.html	3	281	-1	265	1	100	1806	-1.58730158730159		
1266889877	20251005101500	20251005111500	1	newsargus.com	https://www.newsargus.com/news/national/georgia-pm-announces-sweeping-crackdown-on-opposition-after-foiled-coup/article_13b88f35-522c-5d65-a48f-f51ee2605a3d.html	5	1041	-1	1058	0	20	2719	-6.00961538461539		
1266889877	20251005101500	20251005111500	1	gjsentinel.com	https://www.gjsentinel.com/news/national/georgia-pm-announces-sweeping-crackdown-on-opposition-after-foiled-coup/article_ad3744e4-0f89-544e-861f-e2642afa0b4f.html	5	1041	-1	1058	0	20	2719	-6.00961538461539		
1266895032	20251005111500	20251005111500	1	thestatesman.com	https://www.thestatesman.com/india/sonam-wangchuk-says-prepared-to-stay-in-jail-until-judicial-inquiry-into-ladakh-killings-1503495114.html	4	405	-1	500	1	100	1806	-1.58730158730159		
1266895033	20251005111500	20251005111500	1	thestatesman.com	https://www.thestatesman.com/india/karur-tragedy-sit-commences-investigation-posters-appear-in-support-of-vijay-1503495133.html	12	2156	-1	2235	1	100	3012	-3.58565737051793		
1266888604	20251005100000	20251005111500	1	thestatesman.com	https://www.thestatesman.com/world/9-years-of-uncertainty-baloch-activist-sammi-deen-demands-answers-for-shabirs-disappearance-1503495162.html	7	1947	-1	1990	1	50	2009	-9.06148867313912		
1266848981	20251005003000	20251005111500	1	pressenterpriseonline.com	https://www.pressenterpriseonline.com/apnews/trump-plans-to-federalize-300-troops-in-illinois-judge-blocks-similar-mobilization-in-oregon	11	2674	-1	2797	1	100	7364	-6.13656006914434		
1266846003	20251005000000	20251005111500	1	eastlondonadvertiser.co.uk	https://www.eastlondonadvertiser.co.uk/news/25518439.met-police-arrest-hundreds-london-palestine-action-support/	2	102	86	93	1	100	4619	-4.04858299595141		
1266887316	20251005094500	20251005111500	1	israelherald.com	http://www.israelherald.com/news/278618413/iran-executes-six-over-alleged-israel-backed-attacks-rights-groups-allege-torture-and-forced-confessions	8	1401	1446	1457	1	50	2797	-8.90868596881958		
1266887317	20251005094500	20251005111500	1	israelherald.com	http://www.israelherald.com/news/278618413/iran-executes-six-over-alleged-israel-backed-attacks-rights-groups-allege-torture-and-forced-confessions	8	1401	1446	1421	1	50	2797	-8.90868596881958		
1266895034	20251005111500	20251005111500	1	thestatesman.com	https://www.thestatesman.com/india/sonam-wangchuk-says-prepared-to-stay-in-jail-until-judicial-inquiry-into-ladakh-killings-1503495114.html	2	111	163	139	1	100	1806	-1.58730158730159		
1266892361	20251005104500	20251005111500	1	eastlondonadvertiser.co.uk	https://www.eastlondonadvertiser.co.uk/news/25518439.met-police-arrest-hundreds-london-palestine-action-support/	4	402	453	441	0	20	4619	-4.04858299595141		
1266895035	20251005111500	20251005111500	1	israelnationalnews.com	https://www.israelnationalnews.com/news/415833	5	735	771	755	1	100	2910	-5.57851239669421		
1266892362	20251005104500	20251005111500	1	eastlondonadvertiser.co.uk	https://www.eastlondonadvertiser.co.uk/news/25518439.met-police-arrest-hundreds-london-palestine-action-support/	4	402	453	441	1	30	4619	-4.04858299595141		
1266889885	20251005101500	20251005111500	1	al-monitor.com	https://www.al-monitor.com/originals/2025/10/eight-arrested-20-police-hurt-clashes-spanish-palestine-march	2	168	75	130	0	40	1101	-6.62983425414365		
1266895036	20251005111500	20251005111500	1	thestatesman.com	https://www.thestatesman.com/world/pakistans-continued-neglect-deepens-balochistans-crisis-of-rights-identity-1503495096.html	2	568	-1	560	0	20	2170	0		
1266895037	20251005111500	20251005111500	1	thestatesman.com	https://www.thestatesman.com/world/pakistans-continued-neglect-deepens-balochistans-crisis-of-rights-identity-1503495096.html	5	2211	2054	2138	0	60	2170	0		
1266895038	20251005111500	20251005111500	1	thestatesman.com	https://www.thestatesman.com/world/pakistans-continued-neglect-deepens-balochistans-crisis-of-rights-identity-1503495096.html	5	2233	2054	2138	0	20	2170	0		
1266895039	20251005111500	20251005111500	1	thestatesman.com	https://www.thestatesman.com/world/pakistans-continued-neglect-deepens-balochistans-crisis-of-rights-identity-1503495096.html	5	2233	2054	2049	0	80	2170	0		
1266895040	20251005111500	20251005111500	1	thestatesman.com	https://www.thestatesman.com/world/pakistans-continued-neglect-deepens-balochistans-crisis-of-rights-identity-1503495096.html	3	789	807	735	0	20	2170	0		
1266895041	20251005111500	20251005111500	1	thestatesman.com	https://www.thestatesman.com/world/pakistans-continued-neglect-deepens-balochistans-crisis-of-rights-identity-1503495096.html	3	770	799	735	0	20	2170	0		
1266862967	20251005041500	20251005111500	1	thestatesman.com	https://www.thestatesman.com/world/pakistan-afghan-cleric-shot-dead-amid-growing-violence-against-refugees-1503495092.html	1	0	65	25	1	70	2530	-14.0161725067386		
1266895042	20251005111500	20251005111500	1	thestatesman.com	https://www.thestatesman.com/world/pakistans-continued-neglect-deepens-balochistans-crisis-of-rights-identity-1503495096.html	3	799	770	735	0	20	2170	0		
1266888616	20251005100000	20251005111500	1	thestatesman.com	https://www.thestatesman.com/world/9-years-of-uncertainty-baloch-activist-sammi-deen-demands-answers-for-shabirs-disappearance-1503495162.html	1	23	-1	50	0	10	2009	-9.06148867313912		
1266862973	20251005041500	20251005111500	1	thestatesman.com	https://www.thestatesman.com/world/pakistan-afghan-cleric-shot-dead-amid-growing-violence-against-refugees-1503495092.html	2	133	79	97	1	70	2530	-14.0161725067386		
1266862974	20251005041500	20251005111500	1	thestatesman.com	https://www.thestatesman.com/world/pakistan-afghan-cleric-shot-dead-amid-growing-violence-against-refugees-1503495092.html	2	133	79	97	1	30	2530	-14.0161725067386		
1266892365	20251005104500	20251005111500	1	yakimaherald.com	https://www.yakimaherald.com/news/nation_and_world/world/typhoon-matmo-strengthens-prompting-china-to-evacuate-347-000-people-ahead-of-landfall/article_e397321f-2646-50d7-9bc9-7163bd81b44c.html	9	1885	-1	1913	0	20	1868	-5.96491228070176		
1266846040	20251005000000	20251005111500	1	israelherald.com	http://www.israelherald.com/news/278618202/trump-sends-kushner-witkoff-to-egypt-to-help-broker-gaza-deal	10	1556	-1	1582	1	10	2170	-1.93370165745856		
1266846040	20251005000000	20251005111500	1	nhk.or.jp	https://www3.nhk.or.jp/nhkworld/en/news/20251005_15/	2	514	-1	416	1	10	1405	-8.18965517241379		
1266871652	20251005063000	20251005111500	1	israelherald.com	http://www.israelherald.com/news/278618202/trump-sends-kushner-witkoff-to-egypt-to-help-broker-gaza-deal	11	1780	1667	1740	0	20	2170	-1.93370165745856		
1266858284	20251005024500	20251005111500	1	israelherald.com	http://www.israelherald.com/news/278618202/trump-sends-kushner-witkoff-to-egypt-to-help-broker-gaza-deal	11	-1	1675	-1	0	20	2170	-1.93370165745856		
1266858284	20251005024500	20251005111500	1	sanfordherald.com	https://www.sanfordherald.com/news/national/negotiators-due-in-cairo-for-gaza-ceasefire-hostage-release-talks/article_170fd171-949f-5fa6-81c3-2d81898f9d32.html	1	29	19	12	1	10	4558	-5.37634408602151		
1266871653	20251005063000	20251005111500	1	israelherald.com	http://www.israelherald.com/news/278618202/trump-sends-kushner-witkoff-to-egypt-to-help-broker-gaza-deal	11	1746	1667	1719	1	20	2170	-1.93370165745856		
1266849067	20251005003000	20251005111500	1	independent.co.uk	https://www.independent.co.uk/news/world/americas/hamas-israel-donald-trump-benjamin-netanyahu-palestinians-b2839465.html	23	3600	3578	3563	0	30	5473	-3.40909090909091		
1266846055	20251005000000	20251005111500	1	sanfordherald.com	https://www.sanfordherald.com/news/national/negotiators-due-in-cairo-for-gaza-ceasefire-hostage-release-talks/article_170fd171-949f-5fa6-81c3-2d81898f9d32.html	8	1393	1339	1313	1	60	4558	-5.37634408602151		
1266846055	20251005000000	20251005111500	1	hurriyetdailynews.com	https://www.hurriyetdailynews.com/hopes-rises-for-gaza-as-peace-talks-to-begin-in-egypt-214329	9	1390	1336	1310	1	60	2703	-2.16919739696312		
1266846059	20251005000000	20251005111500	1	sanfordherald.com	https://www.sanfordherald.com/news/national/negotiators-due-in-cairo-for-gaza-ceasefire-hostage-release-talks/article_170fd171-949f-5fa6-81c3-2d81898f9d32.html	8	1393	1339	1350	1	60	4558	-5.37634408602151		
1266846059	20251005000000	20251005111500	1	hurriyetdailynews.com	https://www.hurriyetdailynews.com/hopes-rises-for-gaza-as-peace-talks-to-begin-in-egypt-214329	9	1390	1336	1347	1	60	2703	-2.16919739696312		
1266882411	20251005084500	20251005111500	1	israelnationalnews.com	https://www.israelnationalnews.com/news/415833	2	448	366	377	0	40	2910	-5.57851239669421		
1266854485	20251005011500	20251005111500	1	israelherald.com	http://www.israelherald.com/news/278618466/antisemitism-intensifying-worldwide-since-october-7-hamas-attack-report-warns	12	3245	3153	3182	1	60	3325	-7.70712909441228		
1266846066	20251005000000	20251005111500	1	nhk.or.jp	https://www3.nhk.or.jp/nhkworld/en/news/20251005_15/	2	-1	-1	450	0	20	1405	-8.18965517241379		
1266885904	20251005093000	20251005111500	1	ksat.com	https://www.ksat.com/news/2025/10/05/uk-says-it-will-restrict-repeated-protests-after-500-arrests-at-pro-palestinian-vigil/	7	890	976	925	0	20	3216	-7.6171875		
1266885904	20251005093000	20251005111500	1	rockymounttelegram.com	https://www.rockymounttelegram.com/news/world/uk-says-it-will-restrict-repeated-protests-after-500-arrests-at-pro-palestinian-vigil/article_c500d4ae-1427-519f-bad2-d5be71a19766.html	6	872	958	907	0	20	3226	-7.58754863813227		
1266867304	20251005051500	20251005111500	1	israelnationalnews.com	https://www.israelnationalnews.com/news/415833	1	190	104	138	1	10	2910	-5.57851239669421		
1266871655	20251005063000	20251005111500	1	israelherald.com	http://www.israelherald.com/news/278618202/trump-sends-kushner-witkoff-to-egypt-to-help-broker-gaza-deal	10	1556	1640	1582	1	30	2170	-1.93370165745856		
1266871656	20251005063000	20251005111500	1	israelherald.com	http://www.israelherald.com/news/278618202/trump-sends-kushner-witkoff-to-egypt-to-help-broker-gaza-deal	10	1556	1651	1595	0	20	2170	-1.93370165745856		
1266889898	20251005101500	20251005111500	1	al-monitor.com	https://www.al-monitor.com/originals/2025/10/eight-arrested-20-police-hurt-clashes-spanish-palestine-march	2	182	91	146	0	40	1101	-6.62983425414365		
1266849090	20251005003000	20251005111500	1	sanfordherald.com	https://www.sanfordherald.com/news/national/negotiators-due-in-cairo-for-gaza-ceasefire-hostage-release-talks/article_170fd171-949f-5fa6-81c3-2d81898f9d32.html	18	3029	3048	3100	1	60	4558	-5.37634408602151		
1266849091	20251005003000	20251005111500	1	sanfordherald.com	https://www.sanfordherald.com/news/national/negotiators-due-in-cairo-for-gaza-ceasefire-hostage-release-talks/article_170fd171-949f-5fa6-81c3-2d81898f9d32.html	18	3029	3048	3083	1	60	4558	-5.37634408602151		
1266849092	20251005003000	20251005111500	1	sanfordherald.com	https://www.sanfordherald.com/news/national/negotiators-due-in-cairo-for-gaza-ceasefire-hostage-release-talks/article_170fd171-949f-5fa6-81c3-2d81898f9d32.html	22	3617	-1	3686	1	10	4558	-5.37634408602151		
1266849094	20251005003000	20251005111500	1	sanfordherald.com	https://www.sanfordherald.com/news/national/negotiators-due-in-cairo-for-gaza-ceasefire-hostage-release-talks/article_170fd171-949f-5fa6-81c3-2d81898f9d32.html	22	3617	3737	3677	0	20	4558	-5.37634408602151		
1266849096	20251005003000	20251005111500	1	sanfordherald.com	https://www.sanfordherald.com/news/national/negotiators-due-in-cairo-for-gaza-ceasefire-hostage-release-talks/article_170fd171-949f-5fa6-81c3-2d81898f9d32.html	22	3617	3737	3651	0	20	4558	-5.37634408602151		
1266871657	20251005063000	20251005111500	1	cessnockadvertiser.com.au	https://www.cessnockadvertiser.com.au/story/9081421/labor-dreaming-with-gaza-claim-activists-vow-rallies/	11	2614	2500	2588	1	60	3971	-0.9375		
1266871658	20251005063000	20251005111500	1	cessnockadvertiser.com.au	https://www.cessnockadvertiser.com.au/story/9081421/labor-dreaming-with-gaza-claim-activists-vow-rallies/	11	2614	2500	2588	0	20	3971	-0.9375		
1266871659	20251005063000	20251005111500	1	cessnockadvertiser.com.au	https://www.cessnockadvertiser.com.au/story/9081421/labor-dreaming-with-gaza-claim-activists-vow-rallies/	11	2614	2500	2588	0	20	3971	-0.9375		
1266889900	20251005101500	20251005111500	1	al-monitor.com	https://www.al-monitor.com/originals/2025/10/eight-arrested-20-police-hurt-clashes-spanish-palestine-march	2	162	76	131	1	20	1101	-6.62983425414365		
1266858288	20251005024500	20251005111500	1	independent.co.uk	https://www.independent.co.uk/news/world/americas/hamas-israel-donald-trump-benjamin-netanyahu-palestinians-b2839465.html	13	2260	-1	2241	1	30	5473	-3.40909090909091		
1266853017	20251005011500	20251005111500	1	independent.co.uk	https://www.independent.co.uk/news/world/americas/hamas-israel-donald-trump-benjamin-netanyahu-palestinians-b2839465.html	33	4973	-1	4929	1	100	5473	-3.40909090909091		
1266846086	20251005000000	20251005111500	1	independent.co.uk	https://www.independent.co.uk/news/world/americas/hamas-israel-donald-trump-benjamin-netanyahu-palestinians-b2839465.html	20	3235	-1	3264	1	100	5473	-3.40909090909091		
1266871660	20251005063000	20251005111500	1	israelherald.com	http://www.israelherald.com/news/278618202/trump-sends-kushner-witkoff-to-egypt-to-help-broker-gaza-deal	5	864	-1	890	1	30	2170	-1.93370165745856		
1266846090	20251005000000	20251005111500	1	israelherald.com	http://www.israelherald.com/news/278618202/trump-sends-kushner-witkoff-to-egypt-to-help-broker-gaza-deal	5	864	-1	890	1	70	2170	-1.93370165745856		
1266846091	20251005000000	20251005111500	1	independent.co.uk	https://www.independent.co.uk/news/world/americas/hamas-israel-donald-trump-benjamin-netanyahu-palestinians-b2839465.html	20	3235	-1	3298	1	100	5473	-3.40909090909091		
1266846096	20251005000000	20251005111500	1	independent.co.uk	https://www.independent.co.uk/news/world/americas/hamas-israel-donald-trump-benjamin-netanyahu-palestinians-b2839465.html	7	854	-1	866	1	50	5473	-3.40909090909091		
1266872931	20251005064500	20251005111500	1	independent.co.uk	https://www.independent.co.uk/news/world/americas/hamas-israel-donald-trump-benjamin-netanyahu-palestinians-b2839465.html	10	1289	1326	1347	0	20	5473	-3.40909090909091		
1266872932	20251005064500	20251005111500	1	independent.co.uk	https://www.independent.co.uk/news/world/americas/hamas-israel-donald-trump-benjamin-netanyahu-palestinians-b2839465.html	13	2260	2293	2241	1	70	5473	-3.40909090909091		
1266846110	20251005000000	20251005111500	1	independent.co.uk	https://www.independent.co.uk/news/world/americas/hamas-israel-donald-trump-benjamin-netanyahu-palestinians-b2839465.html	10	1289	1276	1262	0	40	5473	-3.40909090909091		
1266846116	20251005000000	20251005111500	1	israelherald.com	http://www.israelherald.com/news/278618466/antisemitism-intensifying-worldwide-since-october-7-hamas-attack-report-warns	12	3199	3216	3188	1	100	3325	-7.70712909441228		
1266846117	20251005000000	20251005111500	1	independent.co.uk	https://www.independent.co.uk/news/world/americas/hamas-israel-donald-trump-benjamin-netanyahu-palestinians-b2839465.html	5	594	583	569	1	100	5473	-3.40909090909091		
1266872933	20251005064500	20251005111500	1	independent.co.uk	https://www.independent.co.uk/news/world/americas/hamas-israel-donald-trump-benjamin-netanyahu-palestinians-b2839465.html	1	19	52	25	0	40	5473	-3.40909090909091		
1266846121	20251005000000	20251005111500	1	israelherald.com	http://www.israelherald.com/news/278618466/antisemitism-intensifying-worldwide-since-october-7-hamas-attack-report-warns	12	3199	3216	3205	1	100	3325	-7.70712909441228		
1266846121	20251005000000	20251005111500	1	cessnockadvertiser.com.au	https://www.cessnockadvertiser.com.au/story/9081421/labor-dreaming-with-gaza-claim-activists-vow-rallies/	11	2500	2517	2506	1	100	3971	-0.9375		
1266862174	20251005040000	20251005111500	1	independent.co.uk	https://www.independent.co.uk/news/world/americas/hamas-israel-donald-trump-benjamin-netanyahu-palestinians-b2839465.html	1	19	52	25	0	40	5473	-3.40909090909091		
1266872934	20251005064500	20251005111500	1	independent.co.uk	https://www.independent.co.uk/news/world/americas/hamas-israel-donald-trump-benjamin-netanyahu-palestinians-b2839465.html	1	19	52	25	1	20	5473	-3.40909090909091		
1266871665	20251005063000	20251005111500	1	cessnockadvertiser.com.au	https://www.cessnockadvertiser.com.au/story/9081421/labor-dreaming-with-gaza-claim-activists-vow-rallies/	11	2500	2614	2588	1	60	3971	-0.9375		
1266871666	20251005063000	20251005111500	1	cessnockadvertiser.com.au	https://www.cessnockadvertiser.com.au/story/9081421/labor-dreaming-with-gaza-claim-activists-vow-rallies/	11	2500	2614	2588	0	20	3971	-0.9375		
1266871667	20251005063000	20251005111500	1	cessnockadvertiser.com.au	https://www.cessnockadvertiser.com.au/story/9081421/labor-dreaming-with-gaza-claim-activists-vow-rallies/	11	2500	2614	2588	0	20	3971	-0.9375		
1266871668	20251005063000	20251005111500	1	cessnockadvertiser.com.au	https://www.cessnockadvertiser.com.au/story/9081421/labor-dreaming-with-gaza-claim-activists-vow-rallies/	11	2500	2614	2582	1	80	3971	-0.9375		
1266871669	20251005063000	20251005111500	1	cessnockadvertiser.com.au	https://www.cessnockadvertiser.com.au/story/9081421/labor-dreaming-with-gaza-claim-activists-vow-rallies/	11	2500	2614	2582	0	20	3971	-0.9375		
1266895043	20251005111500	20251005111500	1	indianexpress.com	https://indianexpress.com/article/india/bihar-assembly-polls-date-november-22-election-commission-10289182/	7	3371	-1	3393	0	40	4448	1.03092783505155		
1266895044	20251005111500	20251005111500	1	indianexpress.com	https://indianexpress.com/article/india/bihar-assembly-polls-date-november-22-election-commission-10289182/	7	3371	-1	3393	1	60	4448	1.03092783505155		
1266885931	20251005093000	20251005111500	1	ksat.com	https://www.ksat.com/news/2025/10/05/uk-says-it-will-restrict-repeated-protests-after-500-arrests-at-pro-palestinian-vigil/	10	1831	1930	1847	1	30	3216	-7.6171875		
1266885931	20251005093000	20251005111500	1	rockymounttelegram.com	https://www.rockymounttelegram.com/news/world/uk-says-it-will-restrict-repeated-protests-after-500-arrests-at-pro-palestinian-vigil/article_c500d4ae-1427-519f-bad2-d5be71a19766.html	9	1813	1912	1829	1	30	3226	-7.58754863813227		
1266885932	20251005093000	20251005111500	1	ksat.com	https://www.ksat.com/news/2025/10/05/uk-says-it-will-restrict-repeated-protests-after-500-arrests-at-pro-palestinian-vigil/	10	1831	1930	1847	1	70	3216	-7.6171875		
1266885932	20251005093000	20251005111500	1	rockymounttelegram.com	https://www.rockymounttelegram.com/news/world/uk-says-it-will-restrict-repeated-protests-after-500-arrests-at-pro-palestinian-vigil/article_c500d4ae-1427-519f-bad2-d5be71a19766.html	9	1813	1912	1829	1	70	3226	-7.58754863813227		
1266885933	20251005093000	20251005111500	1	rockymounttelegram.com	https://www.rockymounttelegram.com/news/world/uk-says-it-will-restrict-repeated-protests-after-500-arrests-at-pro-palestinian-vigil/article_c500d4ae-1427-519f-bad2-d5be71a19766.html	9	1813	1937	1887	1	100	3226	-7.58754863813227		
1266885933	20251005093000	20251005111500	1	ksat.com	https://www.ksat.com/news/2025/10/05/uk-says-it-will-restrict-repeated-protests-after-500-arrests-at-pro-palestinian-vigil/	10	1831	1955	1905	1	100	3216	-7.6171875		
1266895045	20251005111500	20251005111500	1	omanobserver.om	https://www.omanobserver.om/article/1177598/oman/labour/qatari-team-reviews-omans-trade-union-system	1	277	-1	267	0	20	1976	0.70671378091873		
1266859453	20251005024500	20251005111500	1	omanobserver.om	https://www.omanobserver.om/article/1177598/oman/labour/qatari-team-reviews-omans-trade-union-system	1	277	295	267	0	20	1976	0.70671378091873		
1266895046	20251005111500	20251005111500	1	omanobserver.om	https://www.omanobserver.om/article/1177598/oman/labour/qatari-team-reviews-omans-trade-union-system	1	277	295	285	0	20	1976	0.70671378091873		
1266871670	20251005063000	20251005111500	1	israelherald.com	http://www.israelherald.com/news/278618202/trump-sends-kushner-witkoff-to-egypt-to-help-broker-gaza-deal	10	1651	1569	1623	0	20	2170	-1.93370165745856		
1266871671	20251005063000	20251005111500	1	israelherald.com	http://www.israelherald.com/news/278618202/trump-sends-kushner-witkoff-to-egypt-to-help-broker-gaza-deal	10	1642	1556	1610	0	20	2170	-1.93370165745856		
1266871673	20251005063000	20251005111500	1	israelherald.com	http://www.israelherald.com/news/278618202/trump-sends-kushner-witkoff-to-egypt-to-help-broker-gaza-deal	10	1651	1569	1623	0	20	2170	-1.93370165745856		
1266871674	20251005063000	20251005111500	1	israelherald.com	http://www.israelherald.com/news/278618202/trump-sends-kushner-witkoff-to-egypt-to-help-broker-gaza-deal	10	1640	1556	1608	1	10	2170	-1.93370165745856		
1266885935	20251005093000	20251005111500	1	al-monitor.com	https://www.al-monitor.com/originals/2025/10/uk-police-get-new-powers-after-latest-pro-palestinian-protest	6	1490	1380	1387	1	100	1816	-6.35451505016723		
1266892385	20251005104500	20251005111500	1	zimbabwestar.com	http://www.zimbabwestar.com/news/278618431/eight-months-on-goma-airport-remains-closed-amid-dr-congo-grinding-conflict	1	109	123	116	1	100	3840	-11.2745098039216		
1266892386	20251005104500	20251005111500	1	zimbabwestar.com	http://www.zimbabwestar.com/news/278618431/eight-months-on-goma-airport-remains-closed-amid-dr-congo-grinding-conflict	4	1775	1704	1752	1	50	3840	-11.2745098039216		
1266880073	20251005081500	20251005111500	1	thenationonlineng.net	https://thenationonlineng.net/high-point-of-nigerias-participation-at-unga-80-2/	17	4598	-1	4572	1	100	7475	1.64075993091537		
1266885936	20251005093000	20251005111500	1	wbaa.org	https://www.wbaa.org/2025-10-05/what-to-expect-as-syria-holds-first-parliamentary-elections-since-assads-ouster	10	3829	3769	3937	1	50	7312	-2.41796200345423		
1266885936	20251005093000	20251005111500	1	kunm.org	https://www.kunm.org/npr-news/2025-10-05/what-to-expect-as-syria-holds-first-parliamentary-elections-since-assads-ouster	10	3829	3769	3937	1	50	7312	-2.41796200345423		
1266885936	20251005093000	20251005111500	1	delawarepublic.org	https://www.delawarepublic.org/npr-headlines/2025-10-05/what-to-expect-as-syria-holds-first-parliamentary-elections-since-assads-ouster	10	3829	3769	3937	1	50	7312	-2.41796200345423		
1266885936	20251005093000	20251005111500	1	wpsu.org	https://radio.wpsu.org/2025-10-05/what-to-expect-as-syria-holds-first-parliamentary-elections-since-assads-ouster	10	3829	3769	3937	1	50	7312	-2.41796200345423		
1266885936	20251005093000	20251005111500	1	kpcw.org	https://www.kpcw.org/npr-top-stories/2025-10-05/what-to-expect-as-syria-holds-first-parliamentary-elections-since-assads-ouster	10	3829	3769	3937	1	50	7312	-2.41796200345423		
1266885937	20251005093000	20251005111500	1	kpcw.org	https://www.kpcw.org/npr-top-stories/2025-10-05/what-to-expect-as-syria-holds-first-parliamentary-elections-since-assads-ouster	10	3846	3769	3955	0	20	7312	-2.41796200345423		
1266885937	20251005093000	20251005111500	1	wpsu.org	https://radio.wpsu.org/2025-10-05/what-to-expect-as-syria-holds-first-parliamentary-elections-since-assads-ouster	10	3846	3769	3955	0	20	7312	-2.41796200345423		
1266885937	20251005093000	20251005111500	1	delawarepublic.org	https://www.delawarepublic.org/npr-headlines/2025-10-05/what-to-expect-as-syria-holds-first-parliamentary-elections-since-assads-ouster	10	3846	3769	3955	0	20	7312	-2.41796200345423		
1266885937	20251005093000	20251005111500	1	kunm.org	https://www.kunm.org/npr-news/2025-10-05/what-to-expect-as-syria-holds-first-parliamentary-elections-since-assads-ouster	10	3846	3769	3955	0	20	7312	-2.41796200345423		
1266885937	20251005093000	20251005111500	1	wbaa.org	https://www.wbaa.org/2025-10-05/what-to-expect-as-syria-holds-first-parliamentary-elections-since-assads-ouster	10	3846	3769	3955	0	20	7312	-2.41796200345423		
1266847857	20251005000000	20251005111500	1	tvguide.co.uk	https://www.tvguide.co.uk/schedule/8ec87b53-8477-5a72-9356-61a11a44f733/grimm	1	254	-1	263	1	100	598	-5.82524271844661		
1266860841	20251005033000	20251005111500	1	al-monitor.com	https://www.al-monitor.com/originals/2025/10/opec-meets-future-oil-production-hanging-balance	12	2893	-1	3053	1	50	3369	-5.0561797752809		
1266895047	20251005111500	20251005111500	1	postandcourier.com	https://www.postandcourier.com/news/special_reports/russian-investors-palmetto-bluff-sc-owe-taxes-sanctions/article_27067971-76c6-4e09-b054-ef6dae233d87.html	1	0	-1	365	0	20	4781	-5.15603799185889		
1266885941	20251005093000	20251005111500	1	ksat.com	https://www.ksat.com/news/world/2025/10/05/at-least-5-dead-in-large-scale-nighttime-russian-strike-on-ukraine/	9	1477	-1	1496	0	20	3091	-7.61316872427984		
1266885941	20251005093000	20251005111500	1	carlow-nationalist.ie	https://www.carlow-nationalist.ie/news/national-news/deadly-night-time-russian-barrage-hits-ukraine_arid-73122.html	7	1425	-1	1448	0	20	1505	-11.8143459915612		
1266885941	20251005093000	20251005111500	1	go.com	https://abcnews.go.com/International/wireStory/5-dead-large-scale-nighttime-russian-strike-ukraine-126226073	6	1208	-1	1227	0	20	1282	-11.7647058823529		
1266857171	20251005020000	20251005111500	1	indiatimes.com	https://economictimes.indiatimes.com/news/international/world-news/putin-says-tomahawk-supply-to-ukraine-would-destroy-u-s-relations/articleshow/124318673.cms	11	2496	-1	2530	1	80	3085	-3.50194552529182		
1266885943	20251005093000	20251005111500	1	indiatimes.com	https://economictimes.indiatimes.com/news/international/world-news/putin-says-tomahawk-supply-to-ukraine-would-destroy-u-s-relations/articleshow/124318673.cms	11	2496	-1	2530	0	20	3085	-3.50194552529182		
1266895048	20251005111500	20251005111500	1	postandcourier.com	https://www.postandcourier.com/news/special_reports/russian-investors-palmetto-bluff-sc-owe-taxes-sanctions/article_27067971-76c6-4e09-b054-ef6dae233d87.html	1	0	280	365	0	20	4781	-5.15603799185889		
1266854854	20251005014500	20251005111500	1	crookwellgazette.com.au	https://www.crookwellgazette.com.au/story/9081594/russian-drone-missile-strikes-kill-five-in-ukraine/	2	76	97	65	1	80	3532	-6.85920577617328		
1266854854	20251005014500	20251005111500	1	edenmagnet.com.au	https://www.edenmagnet.com.au/story/9081594/russian-drone-missile-strikes-kill-five-in-ukraine/	2	76	97	65	1	80	3532	-6.85920577617328		
1266854855	20251005014500	20251005111500	1	edenmagnet.com.au	https://www.edenmagnet.com.au/story/9081594/russian-drone-missile-strikes-kill-five-in-ukraine/	3	180	201	169	1	100	3532	-6.85920577617328		
1266854855	20251005014500	20251005111500	1	crookwellgazette.com.au	https://www.crookwellgazette.com.au/story/9081594/russian-drone-missile-strikes-kill-five-in-ukraine/	3	180	201	169	1	100	3532	-6.85920577617328		
1266895049	20251005111500	20251005111500	1	postandcourier.com	https://www.postandcourier.com/opinion/commentary/usc-antisemitism-hamas-attacks/article_bff13f63-3bec-472e-8c9e-0b8b848d8fcd.html	7	2624	2823	2802	0	10	4181	-7.02290076335878		
1266885946	20251005093000	20251005111500	1	indiatimes.com	https://economictimes.indiatimes.com/news/international/world-news/putin-says-tomahawk-supply-to-ukraine-would-destroy-u-s-relations/articleshow/124318673.cms	3	456	323	363	0	10	3085	-3.50194552529182		
1266887358	20251005094500	20251005111500	1	sanfordherald.com	https://www.sanfordherald.com/news/national/babis-pledges-loyalty-to-europe-as-czech-government-talks-begin/article_cd764ac9-77e0-5c7c-b010-2f6c9f335067.html	10	1862	1795	1851	1	30	4135	0.72463768115942		
1266887359	20251005094500	20251005111500	1	sanfordherald.com	https://www.sanfordherald.com/news/national/babis-pledges-loyalty-to-europe-as-czech-government-talks-begin/article_cd764ac9-77e0-5c7c-b010-2f6c9f335067.html	10	1891	1795	1880	0	20	4135	0.72463768115942		
1266895050	20251005111500	20251005111500	1	go.com	https://abcnews.go.com/International/wireStory/balloons-carrying-smuggled-cigarettes-lithuania-closed-vilnius-airport-126226422	3	941	972	962	1	80	2215	-5.42168674698796		
1266895051	20251005111500	20251005111500	1	go.com	https://abcnews.go.com/International/wireStory/balloons-carrying-smuggled-cigarettes-lithuania-closed-vilnius-airport-126226422	3	957	990	975	0	20	2215	-5.42168674698796		
1266885949	20251005093000	20251005111500	1	indiatimes.com	https://economictimes.indiatimes.com/news/international/world-news/putin-says-tomahawk-supply-to-ukraine-would-destroy-u-s-relations/articleshow/124318673.cms	8	1513	1551	1528	0	10	3085	-3.50194552529182		
1266885950	20251005093000	20251005111500	1	indiatimes.com	https://economictimes.indiatimes.com/news/international/world-news/putin-says-tomahawk-supply-to-ukraine-would-destroy-u-s-relations/articleshow/124318673.cms	8	1513	1551	1528	1	70	3085	-3.50194552529182		
1266885951	20251005093000	20251005111500	1	indiatimes.com	https://economictimes.indiatimes.com/news/international/world-news/putin-says-tomahawk-supply-to-ukraine-would-destroy-u-s-relations/articleshow/124318673.cms	8	1513	1551	1546	0	10	3085	-3.50194552529182		
1266885952	20251005093000	20251005111500	1	indiatimes.com	https://economictimes.indiatimes.com/news/international/world-news/putin-says-tomahawk-supply-to-ukraine-would-destroy-u-s-relations/articleshow/124318673.cms	8	1513	1551	1546	1	70	3085	-3.50194552529182		
1266885953	20251005093000	20251005111500	1	indiatimes.com	https://economictimes.indiatimes.com/news/international/world-news/putin-says-tomahawk-supply-to-ukraine-would-destroy-u-s-relations/articleshow/124318673.cms	8	1513	1565	-1	0	20	3085	-3.50194552529182		
1266885954	20251005093000	20251005111500	1	indiatimes.com	https://economictimes.indiatimes.com/news/international/world-news/putin-says-tomahawk-supply-to-ukraine-would-destroy-u-s-relations/articleshow/124318673.cms	8	1513	1551	1592	1	80	3085	-3.50194552529182		
1266887366	20251005094500	20251005111500	1	sanfordherald.com	https://www.sanfordherald.com/news/national/babis-pledges-loyalty-to-europe-as-czech-government-talks-begin/article_cd764ac9-77e0-5c7c-b010-2f6c9f335067.html	10	1877	1810	1866	0	20	4135	0.72463768115942		
1266885955	20251005093000	20251005111500	1	indiatimes.com	https://economictimes.indiatimes.com/news/international/world-news/putin-says-tomahawk-supply-to-ukraine-would-destroy-u-s-relations/articleshow/124318673.cms	3	440	333	347	0	10	3085	-3.50194552529182		
1266895052	20251005111500	20251005111500	1	postandcourier.com	https://www.postandcourier.com/news/special_reports/russian-investors-palmetto-bluff-sc-owe-taxes-sanctions/article_27067971-76c6-4e09-b054-ef6dae233d87.html	1	0	195	276	1	60	4781	-5.15603799185889		
1266884862	20251005091500	20251005111500	1	sanfordherald.com	https://www.sanfordherald.com/news/national/russian-strikes-kill-five-in-ukraine-cause-power-outages/article_e02c02fb-795b-567f-b138-9ac5e5dc5951.html	5	659	748	711	1	20	2598	-6.25		
1266884862	20251005091500	20251005111500	1	newsargus.com	https://www.newsargus.com/news/national/russian-strikes-kill-five-in-ukraine-cause-power-outages/article_556ee844-57a0-518b-8a26-57434fe40f2d.html	5	659	748	711	1	20	2598	-6.25		
1266892390	20251005104500	20251005111500	1	zimbabwestar.com	http://www.zimbabwestar.com/news/278618431/eight-months-on-goma-airport-remains-closed-amid-dr-congo-grinding-conflict	16	3665	3677	3672	0	20	3840	-11.2745098039216		
1266860845	20251005033000	20251005111500	1	al-monitor.com	https://www.al-monitor.com/originals/2025/10/opec-meets-future-oil-production-hanging-balance	2	64	119	148	1	100	3369	-5.0561797752809		
1266895053	20251005111500	20251005111500	1	thestatesman.com	https://www.thestatesman.com/india/tedx-dikshant-inspires-young-minds-with-ideas-worth-spreading-1503495176.html	6	1836	1898	1920	1	100	3429	5.53435114503817		
1266895054	20251005111500	20251005111500	1	thenationonlineng.net	https://thenationonlineng.net/dss-apologises-releases-wrongfully-arrested-journalists/	3	449	516	464	0	10	1650	-4.19847328244275		
1266875511	20251005071500	20251005111500	1	zimbabwestar.com	http://www.zimbabwestar.com/news/278618259/indian-peacekeepers-honoured-for-dedicated-service-by-unisfa	2	144	238	162	0	80	2802	6.25		
1266869792	20251005060000	20251005111500	1	sanfordherald.com	https://www.sanfordherald.com/news/national/babis-pledges-loyalty-to-europe-as-czech-government-talks-begin/article_cd764ac9-77e0-5c7c-b010-2f6c9f335067.html	18	4165	4218	4197	1	80	4135	0.72463768115942		
1266887368	20251005094500	20251005111500	1	sanfordherald.com	https://www.sanfordherald.com/news/national/babis-pledges-loyalty-to-europe-as-czech-government-talks-begin/article_cd764ac9-77e0-5c7c-b010-2f6c9f335067.html	18	4167	4220	4199	0	20	4135	0.72463768115942		
1266895055	20251005111500	20251005111500	1	israelnationalnews.com	https://www.israelnationalnews.com/news/415833	1	88	103	137	0	20	2910	-5.57851239669421		
1266853656	20251005010000	20251005111500	1	delawarepublic.org	https://www.delawarepublic.org/npr-headlines/2025-10-05/what-to-expect-as-syria-holds-first-parliamentary-elections-since-assads-ouster	10	3769	-1	3937	1	30	7312	-2.41796200345423		
1266853656	20251005010000	20251005111500	1	wbaa.org	https://www.wbaa.org/2025-10-05/what-to-expect-as-syria-holds-first-parliamentary-elections-since-assads-ouster	10	3769	-1	3937	1	30	7312	-2.41796200345423		
1266853656	20251005010000	20251005111500	1	kunm.org	https://www.kunm.org/npr-news/2025-10-05/what-to-expect-as-syria-holds-first-parliamentary-elections-since-assads-ouster	10	3769	-1	3937	1	30	7312	-2.41796200345423		
1266853656	20251005010000	20251005111500	1	kpcw.org	https://www.kpcw.org/npr-top-stories/2025-10-05/what-to-expect-as-syria-holds-first-parliamentary-elections-since-assads-ouster	10	3769	-1	3937	1	30	7312	-2.41796200345423		
1266853656	20251005010000	20251005111500	1	wpsu.org	https://radio.wpsu.org/2025-10-05/what-to-expect-as-syria-holds-first-parliamentary-elections-since-assads-ouster	10	3769	-1	3937	1	30	7312	-2.41796200345423		
1266895056	20251005111500	20251005111500	1	sana.sy	https://sana.sy/en/local/2270990/	5	1078	-1	1109	0	10	1003	0		
1266857707	20251005023000	20251005111500	1	ibtimes.com.au	https://www.ibtimes.com.au/syria-selects-members-first-post-assad-parliament-1860724	12	4039	-1	4094	1	50	4837	-1.48448043184885		
1266857707	20251005023000	20251005111500	1	sanfordherald.com	https://www.sanfordherald.com/news/national/syria-selects-members-of-first-post-assad-parliament/article_30dd2058-ce9e-5fef-8054-280c3a96b528.html	11	3797	-1	3852	1	50	4622	-1.41043723554301		
1266857707	20251005023000	20251005111500	1	newsargus.com	https://www.newsargus.com/news/national/syria-selects-members-of-first-post-assad-parliament/article_b2c98110-d9e4-5c18-b2a4-0d21b7a51401.html	11	3797	-1	3852	1	50	4622	-1.41043723554301		
1266893892	20251005110000	20251005111500	1	newsargus.com	https://www.newsargus.com/news/national/syria-selects-members-of-first-post-assad-parliament/article_b2c98110-d9e4-5c18-b2a4-0d21b7a51401.html	11	3797	-1	3860	0	20	4622	-1.41043723554301		
1266893892	20251005110000	20251005111500	1	sanfordherald.com	https://www.sanfordherald.com/news/national/syria-selects-members-of-first-post-assad-parliament/article_30dd2058-ce9e-5fef-8054-280c3a96b528.html	11	3797	-1	3860	0	20	4622	-1.41043723554301		
1266893892	20251005110000	20251005111500	1	ibtimes.com.au	https://www.ibtimes.com.au/syria-selects-members-first-post-assad-parliament-1860724	12	4039	-1	4102	0	20	4837	-1.48448043184885		
1266895057	20251005111500	20251005111500	1	israelherald.com	http://www.israelherald.com/news/278618466/antisemitism-intensifying-worldwide-since-october-7-hamas-attack-report-warns	8	2195	2209	2181	0	40	3325	-7.70712909441228		
1266895058	20251005111500	20251005111500	1	israelherald.com	http://www.israelherald.com/news/278618466/antisemitism-intensifying-worldwide-since-october-7-hamas-attack-report-warns	8	2172	2184	2158	1	60	3325	-7.70712909441228		
1266895059	20251005111500	20251005111500	1	sana.sy	https://sana.sy/en/local/2270990/	5	1096	979	1112	1	40	1003	0		
1266887372	20251005094500	20251005111500	1	israelherald.com	http://www.israelherald.com/news/278618461/syria-holds-first-parliamentary-elections-since-fall-of-bashar-al-assad	10	3336	3374	3370	1	100	3554	-1.93661971830986		
1266857709	20251005023000	20251005111500	1	newsargus.com	https://www.newsargus.com/news/national/syria-selects-members-of-first-post-assad-parliament/article_b2c98110-d9e4-5c18-b2a4-0d21b7a51401.html	14	4383	4417	4443	1	40	4622	-1.41043723554301		
1266857709	20251005023000	20251005111500	1	ibtimes.com.au	https://www.ibtimes.com.au/syria-selects-members-first-post-assad-parliament-1860724	15	4625	4659	4685	1	40	4837	-1.48448043184885		
1266857709	20251005023000	20251005111500	1	sanfordherald.com	https://www.sanfordherald.com/news/national/syria-selects-members-of-first-post-assad-parliament/article_30dd2058-ce9e-5fef-8054-280c3a96b528.html	14	4383	4417	4443	1	40	4622	-1.41043723554301		
1266857710	20251005023000	20251005111500	1	sanfordherald.com	https://www.sanfordherald.com/news/national/syria-selects-members-of-first-post-assad-parliament/article_30dd2058-ce9e-5fef-8054-280c3a96b528.html	14	4383	4416	4442	0	10	4622	-1.41043723554301		
1266857710	20251005023000	20251005111500	1	ibtimes.com.au	https://www.ibtimes.com.au/syria-selects-members-first-post-assad-parliament-1860724	15	4625	4658	4684	0	10	4837	-1.48448043184885		
1266857710	20251005023000	20251005111500	1	newsargus.com	https://www.newsargus.com/news/national/syria-selects-members-of-first-post-assad-parliament/article_b2c98110-d9e4-5c18-b2a4-0d21b7a51401.html	14	4383	4416	4442	0	10	4622	-1.41043723554301		
1266869797	20251005060000	20251005111500	1	wbaa.org	https://www.wbaa.org/2025-10-05/what-to-expect-as-syria-holds-first-parliamentary-elections-since-assads-ouster	10	3769	3846	3955	0	20	7312	-2.41796200345423		
1266869797	20251005060000	20251005111500	1	kunm.org	https://www.kunm.org/npr-news/2025-10-05/what-to-expect-as-syria-holds-first-parliamentary-elections-since-assads-ouster	10	3769	3846	3955	0	20	7312	-2.41796200345423		
1266869797	20251005060000	20251005111500	1	delawarepublic.org	https://www.delawarepublic.org/npr-headlines/2025-10-05/what-to-expect-as-syria-holds-first-parliamentary-elections-since-assads-ouster	10	3769	3846	3955	0	20	7312	-2.41796200345423		
1266869797	20251005060000	20251005111500	1	wpsu.org	https://radio.wpsu.org/2025-10-05/what-to-expect-as-syria-holds-first-parliamentary-elections-since-assads-ouster	10	3769	3846	3955	0	20	7312	-2.41796200345423		
1266869797	20251005060000	20251005111500	1	kpcw.org	https://www.kpcw.org/npr-top-stories/2025-10-05/what-to-expect-as-syria-holds-first-parliamentary-elections-since-assads-ouster	10	3769	3846	3955	0	20	7312	-2.41796200345423		
1266869798	20251005060000	20251005111500	1	kunm.org	https://www.kunm.org/npr-news/2025-10-05/what-to-expect-as-syria-holds-first-parliamentary-elections-since-assads-ouster	10	3769	3829	3937	1	50	7312	-2.41796200345423		
1266869798	20251005060000	20251005111500	1	wbaa.org	https://www.wbaa.org/2025-10-05/what-to-expect-as-syria-holds-first-parliamentary-elections-since-assads-ouster	10	3769	3829	3937	1	50	7312	-2.41796200345423		
1266869798	20251005060000	20251005111500	1	delawarepublic.org	https://www.delawarepublic.org/npr-headlines/2025-10-05/what-to-expect-as-syria-holds-first-parliamentary-elections-since-assads-ouster	10	3769	3829	3937	1	50	7312	-2.41796200345423		
1266869798	20251005060000	20251005111500	1	wpsu.org	https://radio.wpsu.org/2025-10-05/what-to-expect-as-syria-holds-first-parliamentary-elections-since-assads-ouster	10	3769	3829	3937	1	50	7312	-2.41796200345423		
1266869798	20251005060000	20251005111500	1	kpcw.org	https://www.kpcw.org/npr-top-stories/2025-10-05/what-to-expect-as-syria-holds-first-parliamentary-elections-since-assads-ouster	10	3769	3829	3937	1	50	7312	-2.41796200345423		
1266865286	20251005044500	20251005111500	1	sanfordherald.com	https://www.sanfordherald.com/news/national/syria-selects-members-of-first-post-assad-parliament/article_30dd2058-ce9e-5fef-8054-280c3a96b528.html	14	4383	4439	4453	0	20	4622	-1.41043723554301		
1266865286	20251005044500	20251005111500	1	ibtimes.com.au	https://www.ibtimes.com.au/syria-selects-members-first-post-assad-parliament-1860724	15	4625	4681	4695	0	20	4837	-1.48448043184885		
1266865286	20251005044500	20251005111500	1	newsargus.com	https://www.newsargus.com/news/national/syria-selects-members-of-first-post-assad-parliament/article_b2c98110-d9e4-5c18-b2a4-0d21b7a51401.html	14	4383	4439	4453	0	20	4622	-1.41043723554301		
1266895060	20251005111500	20251005111500	1	sana.sy	https://sana.sy/en/local/2270990/	5	989	-1	1109	0	10	1003	0		
1266895061	20251005111500	20251005111500	1	theglobeandmail.com	https://www.theglobeandmail.com/opinion/letters/article-give-doug-ford-ticket-for-moving-too-fast-on-banning-speed-cameras/	6	1955	-1	2068	1	30	7835	-1.30568356374808		
1266895062	20251005111500	20251005111500	1	theglobeandmail.com	https://www.theglobeandmail.com/opinion/letters/article-give-doug-ford-ticket-for-moving-too-fast-on-banning-speed-cameras/	6	1955	-1	1978	1	30	7835	-1.30568356374808		
1266895063	20251005111500	20251005111500	1	theglobeandmail.com	https://www.theglobeandmail.com/opinion/letters/article-give-doug-ford-ticket-for-moving-too-fast-on-banning-speed-cameras/	6	1955	2080	2068	0	20	7835	-1.30568356374808		
1266895064	20251005111500	20251005111500	1	theglobeandmail.com	https://www.theglobeandmail.com/opinion/letters/article-give-doug-ford-ticket-for-moving-too-fast-on-banning-speed-cameras/	6	1955	2080	1978	0	20	7835	-1.30568356374808		
1266854873	20251005014500	20251005111500	1	israelnationalnews.com	https://www.israelnationalnews.com/news/415833	6	852	-1	940	0	10	2910	-5.57851239669421		
1266860067	20251005031500	20251005111500	1	israelnationalnews.com	https://www.israelnationalnews.com/news/415833	6	852	-1	940	0	10	2910	-5.57851239669421		
1266895065	20251005111500	20251005111500	1	hurriyetdailynews.com	https://www.hurriyetdailynews.com/hopes-rises-for-gaza-as-peace-talks-to-begin-in-egypt-214329	11	1715	-1	1798	0	20	2703	-2.16919739696312		
1266895066	20251005111500	20251005111500	1	hurriyetdailynews.com	https://www.hurriyetdailynews.com/hopes-rises-for-gaza-as-peace-talks-to-begin-in-egypt-214329	11	1715	1800	1781	1	30	2703	-2.16919739696312		
1266895067	20251005111500	20251005111500	1	focustaiwan.tw	https://focustaiwan.tw:443/culture/202510050009	2	597	-1	604	0	40	2910	3.19829424307037		
1266895067	20251005111500	20251005111500	1	focustaiwan.tw	https://focustaiwan.tw/culture/202510050009	2	597	-1	604	0	40	2910	3.19829424307037		
1266895068	20251005111500	20251005111500	1	focustaiwan.tw	https://focustaiwan.tw:443/culture/202510050009	6	2780	-1	2771	1	100	2910	3.19829424307037		
1266895068	20251005111500	20251005111500	1	focustaiwan.tw	https://focustaiwan.tw/culture/202510050009	6	2780	-1	2771	1	100	2910	3.19829424307037		
1266895069	20251005111500	20251005111500	1	postandcourier.com	https://www.postandcourier.com/opinion/commentary/usc-antisemitism-hamas-attacks/article_bff13f63-3bec-472e-8c9e-0b8b848d8fcd.html	7	2739	2761	2749	1	30	4181	-7.02290076335878		
1266892418	20251005104500	20251005111500	1	zimbabwestar.com	http://www.zimbabwestar.com/news/278618431/eight-months-on-goma-airport-remains-closed-amid-dr-congo-grinding-conflict	13	3021	-1	3012	1	50	3840	-11.2745098039216		
1266892419	20251005104500	20251005111500	1	zimbabwestar.com	http://www.zimbabwestar.com/news/278618431/eight-months-on-goma-airport-remains-closed-amid-dr-congo-grinding-conflict	13	3038	-1	3026	0	20	3840	-11.2745098039216		
1266895070	20251005111500	20251005111500	1	redstateobserver.com	https://redstateobserver.com/article.asp?id=237247	13	2578	2637	2659	1	50	2553	-0.737100737100739		
1266883652	20251005090000	20251005111500	1	manchestereveningnews.co.uk	https://www.manchestereveningnews.co.uk/news/tv/strictlys-nadiya-bychkova-says-whats-32613908	7	1939	-1	1958	0	30	2395	1.87353629976581		
1266891342	20251005103000	20251005111500	1	ksat.com	https://www.ksat.com/news/world/2025/10/05/at-least-5-dead-in-large-scale-nighttime-russian-strike-on-ukraine/	6	1176	-1	1129	0	50	3091	-7.61316872427984		
1266891343	20251005103000	20251005111500	1	crookwellgazette.com.au	https://www.crookwellgazette.com.au/story/9081594/russian-drone-missile-strikes-kill-five-in-ukraine/	8	1477	-1	1415	0	80	3532	-6.85920577617328		
1266891343	20251005103000	20251005111500	1	edenmagnet.com.au	https://www.edenmagnet.com.au/story/9081594/russian-drone-missile-strikes-kill-five-in-ukraine/	8	1477	-1	1415	0	80	3532	-6.85920577617328		
1266891343	20251005103000	20251005111500	1	ksat.com	https://www.ksat.com/news/world/2025/10/05/at-least-5-dead-in-large-scale-nighttime-russian-strike-on-ukraine/	6	1190	-1	1129	0	20	3091	-7.61316872427984		
1266891346	20251005103000	20251005111500	1	ksat.com	https://www.ksat.com/news/world/2025/10/05/at-least-5-dead-in-large-scale-nighttime-russian-strike-on-ukraine/	6	1190	-1	1129	0	10	3091	-7.61316872427984		
1266887390	20251005094500	20251005111500	1	sanfordherald.com	https://www.sanfordherald.com/news/national/babis-pledges-loyalty-to-europe-as-czech-government-talks-begin/article_cd764ac9-77e0-5c7c-b010-2f6c9f335067.html	8	1303	1276	1267	1	30	4135	0.72463768115942		
1266887392	20251005094500	20251005111500	1	sanfordherald.com	https://www.sanfordherald.com/news/national/babis-pledges-loyalty-to-europe-as-czech-government-talks-begin/article_cd764ac9-77e0-5c7c-b010-2f6c9f335067.html	8	1303	1276	1267	1	30	4135	0.72463768115942		
1266887393	20251005094500	20251005111500	1	sanfordherald.com	https://www.sanfordherald.com/news/national/babis-pledges-loyalty-to-europe-as-czech-government-talks-begin/article_cd764ac9-77e0-5c7c-b010-2f6c9f335067.html	8	1305	1278	1269	0	40	4135	0.72463768115942		
1266889945	20251005101500	20251005111500	1	hurriyetdailynews.com	https://www.hurriyetdailynews.com/ukraine-says-russian-strikes-kill-one-214328	3	80	183	88	0	10	1514	-6.12244897959183		
1266889946	20251005101500	20251005111500	1	hurriyetdailynews.com	https://www.hurriyetdailynews.com/ukraine-says-russian-strikes-kill-one-214328	3	80	183	88	0	10	1514	-6.12244897959183		
1266891354	20251005103000	20251005111500	1	edenmagnet.com.au	https://www.edenmagnet.com.au/story/9081594/russian-drone-missile-strikes-kill-five-in-ukraine/	13	2401	2467	2460	0	10	3532	-6.85920577617328		
1266891354	20251005103000	20251005111500	1	crookwellgazette.com.au	https://www.crookwellgazette.com.au/story/9081594/russian-drone-missile-strikes-kill-five-in-ukraine/	13	2401	2467	2460	0	10	3532	-6.85920577617328		
1266884885	20251005091500	20251005111500	1	sanfordherald.com	https://www.sanfordherald.com/news/national/russian-strikes-kill-five-in-ukraine-cause-power-outages/article_e02c02fb-795b-567f-b138-9ac5e5dc5951.html	5	641	749	754	0	10	2598	-6.25		
1266884885	20251005091500	20251005111500	1	newsargus.com	https://www.newsargus.com/news/national/russian-strikes-kill-five-in-ukraine-cause-power-outages/article_556ee844-57a0-518b-8a26-57434fe40f2d.html	5	641	749	754	0	10	2598	-6.25		
1266884886	20251005091500	20251005111500	1	newsargus.com	https://www.newsargus.com/news/national/russian-strikes-kill-five-in-ukraine-cause-power-outages/article_556ee844-57a0-518b-8a26-57434fe40f2d.html	5	627	706	713	0	50	2598	-6.25		
1266884886	20251005091500	20251005111500	1	sanfordherald.com	https://www.sanfordherald.com/news/national/russian-strikes-kill-five-in-ukraine-cause-power-outages/article_e02c02fb-795b-567f-b138-9ac5e5dc5951.html	5	627	706	713	0	50	2598	-6.25		
1266887397	20251005094500	20251005111500	1	sanfordherald.com	https://www.sanfordherald.com/news/national/babis-pledges-loyalty-to-europe-as-czech-government-talks-begin/article_cd764ac9-77e0-5c7c-b010-2f6c9f335067.html	10	1810	1877	1866	0	20	4135	0.72463768115942		
1266887399	20251005094500	20251005111500	1	sanfordherald.com	https://www.sanfordherald.com/news/national/babis-pledges-loyalty-to-europe-as-czech-government-talks-begin/article_cd764ac9-77e0-5c7c-b010-2f6c9f335067.html	10	1810	1843	1830	0	10	4135	0.72463768115942		
1266850359	20251005004500	20251005111500	1	delawarepublic.org	https://www.delawarepublic.org/npr-headlines/2025-10-05/some-democrats-share-trumps-goal-of-forcing-more-homeless-people-into-medical-care	3	906	-1	920	0	40	12215	-3.93258426966292		
1266850359	20251005004500	20251005111500	1	kpcw.org	https://www.kpcw.org/npr-top-stories/2025-10-04/some-democrats-share-trumps-goal-of-forcing-more-homeless-people-into-medical-care	3	906	-1	920	0	40	12215	-3.93258426966292		
1266850359	20251005004500	20251005111500	1	wpsu.org	https://radio.wpsu.org/2025-10-05/some-democrats-share-trumps-goal-of-forcing-more-homeless-people-into-medical-care	3	906	-1	920	0	40	12215	-3.93258426966292		
1266850359	20251005004500	20251005111500	1	kunm.org	https://www.kunm.org/npr-news/2025-10-04/some-democrats-share-trumps-goal-of-forcing-more-homeless-people-into-medical-care	3	906	-1	920	0	40	12215	-3.93258426966292		
1266850359	20251005004500	20251005111500	1	wbaa.org	https://www.wbaa.org/2025-10-05/some-democrats-share-trumps-goal-of-forcing-more-homeless-people-into-medical-care	3	906	-1	920	0	40	12215	-3.93258426966292		
1266895071	20251005111500	20251005111500	1	indiatimes.com	https://economictimes.indiatimes.com/news/international/global-trends/as-shutdown-drags-on-us-voters-see-blame-game-threatening-democrats-and-republicans/articleshow/124319248.cms	16	5029	-1	5072	0	10	6786	-3.74087591240876		
1266895072	20251005111500	20251005111500	1	indiatimes.com	https://economictimes.indiatimes.com/news/international/global-trends/as-shutdown-drags-on-us-voters-see-blame-game-threatening-democrats-and-republicans/articleshow/124319248.cms	16	4987	-1	5026	0	50	6786	-3.74087591240876		
1266895073	20251005111500	20251005111500	1	independent.co.uk	https://www.independent.co.uk/news/world/americas/us-politics/noem-pritzker-bathroom-ice-illinois-b2839436.html	18	3528	-1	3542	0	20	3484	-4.76190476190476		
1266846237	20251005000000	20251005111500	1	postandcourier.com	https://www.postandcourier.com/business/artificial-intelligence-saving-money-deal-shopping/article_ae761929-cac3-4b06-af30-44e7866151bd.html	3	919	-1	933	0	20	3509	1.3355592654424		
1266881249	20251005083000	20251005111500	1	coloradosun.com	https://coloradosun.com/2025/10/05/nicolais-colorado-trump-troops-deploy/	9	1904	-1	1923	0	40	5979	-4.68909276248725		
1266850368	20251005004500	20251005111500	1	wbaa.org	https://www.wbaa.org/2025-10-05/some-democrats-share-trumps-goal-of-forcing-more-homeless-people-into-medical-care	26	6153	-1	6167	0	40	12215	-3.93258426966292		
1266850368	20251005004500	20251005111500	1	delawarepublic.org	https://www.delawarepublic.org/npr-headlines/2025-10-05/some-democrats-share-trumps-goal-of-forcing-more-homeless-people-into-medical-care	26	6153	-1	6167	0	40	12215	-3.93258426966292		
1266850368	20251005004500	20251005111500	1	kunm.org	https://www.kunm.org/npr-news/2025-10-04/some-democrats-share-trumps-goal-of-forcing-more-homeless-people-into-medical-care	26	6153	-1	6167	0	40	12215	-3.93258426966292		
1266850368	20251005004500	20251005111500	1	kpcw.org	https://www.kpcw.org/npr-top-stories/2025-10-04/some-democrats-share-trumps-goal-of-forcing-more-homeless-people-into-medical-care	26	6153	-1	6167	0	40	12215	-3.93258426966292		
1266850368	20251005004500	20251005111500	1	wpsu.org	https://radio.wpsu.org/2025-10-05/some-democrats-share-trumps-goal-of-forcing-more-homeless-people-into-medical-care	26	6153	-1	6167	0	40	12215	-3.93258426966292		
1266846244	20251005000000	20251005111500	1	dailypolitical.com	https://www.dailypolitical.com/2025/10/05/merit-financial-group-llc-grows-stock-holdings-in-american-express-company-axp.html	28	6361	-1	6401	1	100	6947	1.91021967526265		
1266895074	20251005111500	20251005111500	1	wtov9.com	https://wtov9.com/news/local/wellsburg-applefest-celebrates-46-years-of-tradition-and-community	6	767	-1	817	0	40	2121	4.27350427350427		
1266857735	20251005023000	20251005111500	1	el-balad.com	https://el-balad.com/6724942	7	1329	-1	1358	0	40	2576	-9.71128608923885		
1266877803	20251005074500	20251005111500	1	nme.com	https://www.nme.com/news/music/drummer-alex-bent-announces-departure-from-trivium-this-is-by-no-means-the-end-of-my-path-as-a-musician-3897219	11	2351	-1	2335	0	40	2359	-0.24096385542169		
1266895075	20251005111500	20251005111500	1	sanmarcosrecord.com	https://www.sanmarcosrecord.com/article/31466,union-says-professor-s-reinstatement-triggers-need-to-review-damphousse-decisions	3	952	-1	1033	0	40	1736	-6.06060606060606		
1266895076	20251005111500	20251005111500	1	gjsentinel.com	https://www.gjsentinel.com/news/western_colorado/report-takes-aim-at-colorado-river-water-managers-inaction/article_3ea41909-41e2-48c4-8c00-d8495d5a5804.html	6	1880	-1	1904	0	10	8335	-1.90476190476191		
1266895077	20251005111500	20251005111500	1	pressenterpriseonline.com	https://www.pressenterpriseonline.com/apnews/trump-plans-to-federalize-300-troops-in-illinois-judge-blocks-similar-mobilization-in-oregon	26	6461	-1	6429	0	20	7364	-6.13656006914434		
1266895078	20251005111500	20251005111500	1	gjsentinel.com	https://www.gjsentinel.com/news/western_colorado/report-takes-aim-at-colorado-river-water-managers-inaction/article_3ea41909-41e2-48c4-8c00-d8495d5a5804.html	6	1864	-1	1888	0	10	8335	-1.90476190476191		
1266854902	20251005014500	20251005111500	1	redstateobserver.com	https://redstateobserver.com/article.asp?id=237247	8	1260	-1	1274	0	60	2553	-0.737100737100739		
1266895079	20251005111500	20251005111500	1	sanmarcosrecord.com	https://www.sanmarcosrecord.com/article/31473,norris-running-for-city-council-place-1	12	3972	-1	3956	0	20	4018	4.17910447761194		
1266895080	20251005111500	20251005111500	1	postandcourier.com	https://www.postandcourier.com/opinion/commentary/usc-antisemitism-hamas-attacks/article_bff13f63-3bec-472e-8c9e-0b8b848d8fcd.html	11	3573	-1	3699	0	20	4181	-7.02290076335878		
1266858011	20251005021500	20251005111500	1	postandcourier.com	https://www.postandcourier.com/opinion/commentary/usc-antisemitism-hamas-attacks/article_bff13f63-3bec-472e-8c9e-0b8b848d8fcd.html	11	3556	-1	3677	1	80	4181	-7.02290076335878		
1266895081	20251005111500	20251005111500	1	pressenterpriseonline.com	https://www.pressenterpriseonline.com/daily/100525/page/6/story/everybody-head-to-arkansas-to-strike-it-rich	1	18	-1	10	1	100	162	-2.77777777777778		
1266851151	20251005010000	20251005111500	1	wtov9.com	https://wtov9.com/news/nation-world/elderly-man-dies-nearly-a-year-after-oklahoma-city-police-officer-slammed-him-to-ground	2	825	-1	984	0	10	1990	-4.87106017191977		
1266844810	20251005000000	20251005111500	1	nme.com	https://www.nme.com/news/music/drummer-alex-bent-announces-departure-from-trivium-this-is-by-no-means-the-end-of-my-path-as-a-musician-3897219	9	1964	-1	1945	0	20	2359	-0.24096385542169		
1266854908	20251005014500	20251005111500	1	thetimes-tribune.com	https://www.thetimes-tribune.com/2025/10/03/60m-amazon-hub-with-900-delivery-vans-coming-to-hanover-twp/	10	3199	-1	3187	1	100	4712	0		
1266895082	20251005111500	20251005111500	1	sanmarcosrecord.com	https://www.sanmarcosrecord.com/article/31470,golden-age-home-hosts-health-fair	1	24	-1	37	0	60	1943	11.6504854368932		
1266852385	20251005004500	20251005111500	1	nme.com	https://www.nme.com/news/music/drummer-alex-bent-announces-departure-from-trivium-this-is-by-no-means-the-end-of-my-path-as-a-musician-3897219	2	342	-1	331	1	100	2359	-0.24096385542169		
1266895083	20251005111500	20251005111500	1	postandcourier.com	https://www.postandcourier.com/politics/sc-legislation-child-sex-crimes-lawmakers/article_5da4f674-9d72-4f03-8711-800ee57c5bb4.html	11	2529	-1	2579	0	40	6082	-9.91820040899792		
1266895084	20251005111500	20251005111500	1	wtov9.com	https://wtov9.com/news/local/wellsburg-applefest-celebrates-46-years-of-tradition-and-community	4	408	-1	465	0	100	2121	4.27350427350427		
1266874500	20251005070000	20251005111500	1	wtov9.com	https://wtov9.com/news/local/wellsburg-applefest-celebrates-46-years-of-tradition-and-community	2	66	-1	172	0	20	2121	4.27350427350427		
1266895085	20251005111500	20251005111500	1	sanmarcosrecord.com	https://www.sanmarcosrecord.com/article/31473,norris-running-for-city-council-place-1	12	3972	-1	4038	0	20	4018	4.17910447761194		
1266846279	20251005000000	20251005111500	1	independent.co.uk	https://www.independent.co.uk/news/world/americas/us-politics/noem-pritzker-bathroom-ice-illinois-b2839436.html	4	684	-1	735	0	40	3484	-4.76190476190476		
1266895086	20251005111500	20251005111500	1	pressenterpriseonline.com	https://www.pressenterpriseonline.com/daily/100525/page/13/story/it-happened-in-2009	1	17	-1	30	1	100	159	8.33333333333333		
1266895087	20251005111500	20251005111500	1	gjsentinel.com	https://www.gjsentinel.com/news/western_colorado/colorado-s-unclear-health-ranking-more-health-headlines/article_a96d10cb-ca7f-4345-ab6b-95d449cc2c8a.html	1	88	-1	145	1	100	4106	4.71544715447155		
1266895088	20251005111500	20251005111500	1	pressenterpriseonline.com	https://www.pressenterpriseonline.com/apnews/trump-plans-to-federalize-300-troops-in-illinois-judge-blocks-similar-mobilization-in-oregon	5	1092	-1	1037	0	10	7364	-6.13656006914434		
1266847609	20251005001500	20251005111500	1	pressenterpriseonline.com	https://www.pressenterpriseonline.com/apnews/trump-plans-to-federalize-300-troops-in-illinois-judge-blocks-similar-mobilization-in-oregon	5	1074	-1	1037	0	30	7364	-6.13656006914434		
1266847610	20251005001500	20251005111500	1	pressenterpriseonline.com	https://www.pressenterpriseonline.com/apnews/trump-plans-to-federalize-300-troops-in-illinois-judge-blocks-similar-mobilization-in-oregon	5	1086	-1	1037	1	10	7364	-6.13656006914434		
1266856358	20251005014500	20251005111500	1	nme.com	https://www.nme.com/news/music/drummer-alex-bent-announces-departure-from-trivium-this-is-by-no-means-the-end-of-my-path-as-a-musician-3897219	10	2171	-1	2244	0	40	2359	-0.24096385542169		
1266860875	20251005033000	20251005111500	1	wtov9.com	https://wtov9.com/news/nation-world/elderly-man-dies-nearly-a-year-after-oklahoma-city-police-officer-slammed-him-to-ground	1	608	-1	497	0	20	1990	-4.87106017191977		
1266860876	20251005033000	20251005111500	1	wtov9.com	https://wtov9.com/news/nation-world/elderly-man-dies-nearly-a-year-after-oklahoma-city-police-officer-slammed-him-to-ground	1	625	-1	497	0	20	1990	-4.87106017191977		
1266895089	20251005111500	20251005111500	1	coloradosun.com	https://coloradosun.com/2025/10/05/nicolais-colorado-trump-troops-deploy/	11	2564	-1	2545	1	60	5979	-4.68909276248725		
1266895090	20251005111500	20251005111500	1	coloradosun.com	https://coloradosun.com/2025/10/05/nicolais-colorado-trump-troops-deploy/	11	2532	-1	2562	0	20	5979	-4.68909276248725		
1266895091	20251005111500	20251005111500	1	coloradosun.com	https://coloradosun.com/2025/10/05/nicolais-colorado-trump-troops-deploy/	11	2516	-1	2546	0	20	5979	-4.68909276248725		
1266895092	20251005111500	20251005111500	1	indiatimes.com	https://economictimes.indiatimes.com/news/international/global-trends/as-shutdown-drags-on-us-voters-see-blame-game-threatening-democrats-and-republicans/articleshow/124319248.cms	3	574	-1	535	1	60	6786	-3.74087591240876		
1266895093	20251005111500	20251005111500	1	indiatimes.com	https://economictimes.indiatimes.com/news/international/global-trends/as-shutdown-drags-on-us-voters-see-blame-game-threatening-democrats-and-republicans/articleshow/124319248.cms	3	574	-1	535	0	40	6786	-3.74087591240876		
1266895094	20251005111500	20251005111500	1	independent.co.uk	https://www.independent.co.uk/news/world/americas/us-politics/noem-pritzker-bathroom-ice-illinois-b2839436.html	1	0	-1	14	0	20	3484	-4.76190476190476		
1266895095	20251005111500	20251005111500	1	independent.co.uk	https://www.independent.co.uk/news/world/americas/us-politics/noem-pritzker-bathroom-ice-illinois-b2839436.html	1	15	-1	29	0	20	3484	-4.76190476190476		
1266853668	20251005010000	20251005111500	1	sun-sentinel.com	https://www.sun-sentinel.com/2025/10/05/the-doj-is-not-trumps-personal-toy-letters-to-the-editor/	2	2769	-1	2703	0	20	3626	-0.9478672985782		
1266851887	20251005010000	20251005111500	1	el-balad.com	https://el-balad.com/6724942	1	187	-1	123	0	40	2576	-9.71128608923885		
1266895096	20251005111500	20251005111500	1	indiatimes.com	https://economictimes.indiatimes.com/news/international/global-trends/as-shutdown-drags-on-us-voters-see-blame-game-threatening-democrats-and-republicans/articleshow/124319248.cms	23	6637	-1	6723	0	20	6786	-3.74087591240876		
1266895097	20251005111500	20251005111500	1	independent.co.uk	https://www.independent.co.uk/news/world/americas/us-politics/noem-pritzker-bathroom-ice-illinois-b2839436.html	1	0	-1	43	0	40	3484	-4.76190476190476		
1266895098	20251005111500	20251005111500	1	coloradosun.com	https://coloradosun.com/2025/10/05/nicolais-colorado-trump-troops-deploy/	14	3657	-1	3624	0	10	5979	-4.68909276248725		
1266895099	20251005111500	20251005111500	1	coloradosun.com	https://coloradosun.com/2025/10/05/nicolais-colorado-trump-troops-deploy/	14	3657	-1	3624	0	10	5979	-4.68909276248725		
1266895100	20251005111500	20251005111500	1	independent.co.uk	https://www.independent.co.uk/news/world/americas/us-politics/noem-pritzker-bathroom-ice-illinois-b2839436.html	3	528	-1	501	0	40	3484	-4.76190476190476		
1266864278	20251005043000	20251005111500	1	wild941.com	https://wild941.com/2025/10/05/this-day-in-top-40-history-october-5/	1	281	-1	295	0	20	3362	2.89855072463768		
1266895101	20251005111500	20251005111500	1	coloradosun.com	https://coloradosun.com/2025/10/05/nicolais-colorado-trump-troops-deploy/	14	3657	-1	3749	0	10	5979	-4.68909276248725		
1266895102	20251005111500	20251005111500	1	coloradosun.com	https://coloradosun.com/2025/10/05/nicolais-colorado-trump-troops-deploy/	14	3657	-1	3749	0	10	5979	-4.68909276248725		
1266895103	20251005111500	20251005111500	1	businessinsider.com	https://www.businessinsider.com/homeschooled-student-loans-college-pros-cons-successful-2025-9	11	3671	3812	3807	0	40	5128	-1.07398568019093		
1266895104	20251005111500	20251005111500	1	businessinsider.com	https://www.businessinsider.com/homeschooled-student-loans-college-pros-cons-successful-2025-9	1	326	345	340	0	20	5128	-1.07398568019093		
1266895105	20251005111500	20251005111500	1	sanmarcosrecord.com	https://www.sanmarcosrecord.com/article/31473,norris-running-for-city-council-place-1	5	1909	1943	1885	1	20	4018	4.17910447761194		
1266895106	20251005111500	20251005111500	1	sanmarcosrecord.com	https://www.sanmarcosrecord.com/article/31473,norris-running-for-city-council-place-1	5	1909	1943	1885	0	80	4018	4.17910447761194		
1266858338	20251005024500	20251005111500	1	wokv.com	https://www.wokv.com/news/local/man-fatally-shot-business-lane-avenue-south-jso/5REZZWBGNNF7ZPEDK4LUL33SD4/	2	58	130	116	1	100	734	-6.50406504065041		
1266895107	20251005111500	20251005111500	1	sanmarcosrecord.com	https://www.sanmarcosrecord.com/article/31463,sma-hosts-photographer-michael-o-brien-names-wittliff-stem-scholars	2	98	267	114	0	80	3431	4.46601941747573		
1266889335	20251005094500	20251005111500	1	businessinsider.com	https://www.businessinsider.com/homeschooled-student-loans-college-pros-cons-successful-2025-9	9	2901	2942	2924	0	30	5128	-1.07398568019093		
1266895108	20251005111500	20251005111500	1	sanmarcosrecord.com	https://www.sanmarcosrecord.com/article/31463,sma-hosts-photographer-michael-o-brien-names-wittliff-stem-scholars	3	278	336	325	0	40	3431	4.46601941747573		
1266895109	20251005111500	20251005111500	1	walesonline.co.uk	https://www.walesonline.co.uk/news/wales-news/american-tiktok-star-visits-north-32613770	1	117	189	167	1	100	1194	3.16742081447964		
1266887429	20251005094500	20251005111500	1	sanfordherald.com	https://www.sanfordherald.com/news/national/negotiators-due-in-cairo-for-gaza-ceasefire-hostage-release-talks/article_170fd171-949f-5fa6-81c3-2d81898f9d32.html	6	1029	1067	1058	0	20	4558	-5.37634408602151		
1266887429	20251005094500	20251005111500	1	hurriyetdailynews.com	https://www.hurriyetdailynews.com/hopes-rises-for-gaza-as-peace-talks-to-begin-in-egypt-214329	7	1022	1060	1051	0	40	2703	-2.16919739696312		
1266884910	20251005091500	20251005111500	1	sanfordherald.com	https://www.sanfordherald.com/news/national/negotiators-due-in-cairo-for-gaza-ceasefire-hostage-release-talks/article_170fd171-949f-5fa6-81c3-2d81898f9d32.html	6	1029	1067	1058	0	10	4558	-5.37634408602151		
1266884911	20251005091500	20251005111500	1	sanfordherald.com	https://www.sanfordherald.com/news/national/negotiators-due-in-cairo-for-gaza-ceasefire-hostage-release-talks/article_170fd171-949f-5fa6-81c3-2d81898f9d32.html	6	1029	1067	1058	0	10	4558	-5.37634408602151		
1266895110	20251005111500	20251005111500	1	independent.co.uk	https://www.independent.co.uk/news/world/americas/us-politics/noem-pritzker-bathroom-ice-illinois-b2839436.html	15	3136	3110	3150	0	10	3484	-4.76190476190476		
1266846354	20251005000000	20251005111500	1	wild941.com	https://wild941.com/2025/10/05/this-day-in-top-40-history-october-5/	5	-1	1854	1850	0	40	3362	2.89855072463768		
1266888701	20251005100000	20251005111500	1	wild941.com	https://wild941.com/2025/10/05/this-day-in-top-40-history-october-5/	5	1976	1854	1850	0	40	3362	2.89855072463768		
1266847674	20251005001500	20251005111500	1	pressenterpriseonline.com	https://www.pressenterpriseonline.com/apnews/trump-plans-to-federalize-300-troops-in-illinois-judge-blocks-similar-mobilization-in-oregon	27	6526	6573	6561	0	40	7364	-6.13656006914434		
1266895111	20251005111500	20251005111500	1	coloradosun.com	https://coloradosun.com/2025/10/05/nicolais-colorado-trump-troops-deploy/	18	4485	4517	4468	0	40	5979	-4.68909276248725		
1266847681	20251005001500	20251005111500	1	pressenterpriseonline.com	https://www.pressenterpriseonline.com/apnews/trump-plans-to-federalize-300-troops-in-illinois-judge-blocks-similar-mobilization-in-oregon	9	1846	1891	1751	0	10	7364	-6.13656006914434		
1266847683	20251005001500	20251005111500	1	pressenterpriseonline.com	https://www.pressenterpriseonline.com/apnews/trump-plans-to-federalize-300-troops-in-illinois-judge-blocks-similar-mobilization-in-oregon	9	1774	1891	1762	0	10	7364	-6.13656006914434		
1266853202	20251005011500	20251005111500	1	wbaa.org	https://www.wbaa.org/2025-10-05/some-democrats-share-trumps-goal-of-forcing-more-homeless-people-into-medical-care	24	5812	5844	5838	0	80	12215	-3.93258426966292		
1266853202	20251005011500	20251005111500	1	wpsu.org	https://radio.wpsu.org/2025-10-05/some-democrats-share-trumps-goal-of-forcing-more-homeless-people-into-medical-care	24	5812	5844	5838	0	80	12215	-3.93258426966292		
1266853202	20251005011500	20251005111500	1	kpcw.org	https://www.kpcw.org/npr-top-stories/2025-10-04/some-democrats-share-trumps-goal-of-forcing-more-homeless-people-into-medical-care	24	5812	5844	5838	0	80	12215	-3.93258426966292		
1266853202	20251005011500	20251005111500	1	kunm.org	https://www.kunm.org/npr-news/2025-10-04/some-democrats-share-trumps-goal-of-forcing-more-homeless-people-into-medical-care	24	5812	5844	5838	0	80	12215	-3.93258426966292		
1266853202	20251005011500	20251005111500	1	delawarepublic.org	https://www.delawarepublic.org/npr-headlines/2025-10-05/some-democrats-share-trumps-goal-of-forcing-more-homeless-people-into-medical-care	24	5812	5844	5838	0	80	12215	-3.93258426966292		
1266865359	20251005044500	20251005111500	1	delawarepublic.org	https://www.delawarepublic.org/npr-headlines/2025-10-05/some-democrats-share-trumps-goal-of-forcing-more-homeless-people-into-medical-care	20	4867	4894	4966	0	20	12215	-3.93258426966292		
1266865359	20251005044500	20251005111500	1	kunm.org	https://www.kunm.org/npr-news/2025-10-04/some-democrats-share-trumps-goal-of-forcing-more-homeless-people-into-medical-care	20	4867	4894	4966	0	20	12215	-3.93258426966292		
1266865359	20251005044500	20251005111500	1	wpsu.org	https://radio.wpsu.org/2025-10-05/some-democrats-share-trumps-goal-of-forcing-more-homeless-people-into-medical-care	20	4867	4894	4966	0	20	12215	-3.93258426966292		
1266865359	20251005044500	20251005111500	1	kpcw.org	https://www.kpcw.org/npr-top-stories/2025-10-04/some-democrats-share-trumps-goal-of-forcing-more-homeless-people-into-medical-care	20	4867	4894	4966	0	20	12215	-3.93258426966292		
1266865359	20251005044500	20251005111500	1	wbaa.org	https://www.wbaa.org/2025-10-05/some-democrats-share-trumps-goal-of-forcing-more-homeless-people-into-medical-care	20	4867	4894	4966	0	20	12215	-3.93258426966292		
1266895112	20251005111500	20251005111500	1	gjsentinel.com	https://www.gjsentinel.com/news/western_colorado/report-takes-aim-at-colorado-river-water-managers-inaction/article_3ea41909-41e2-48c4-8c00-d8495d5a5804.html	15	5452	5546	5695	0	10	8335	-1.90476190476191		
1266895113	20251005111500	20251005111500	1	gjsentinel.com	https://www.gjsentinel.com/news/western_colorado/report-takes-aim-at-colorado-river-water-managers-inaction/article_3ea41909-41e2-48c4-8c00-d8495d5a5804.html	15	5453	5504	5653	1	20	8335	-1.90476190476191		
1266895114	20251005111500	20251005111500	1	gjsentinel.com	https://www.gjsentinel.com/news/western_colorado/report-takes-aim-at-colorado-river-water-managers-inaction/article_3ea41909-41e2-48c4-8c00-d8495d5a5804.html	15	5453	5509	5658	0	10	8335	-1.90476190476191		
1266895115	20251005111500	20251005111500	1	gjsentinel.com	https://www.gjsentinel.com/news/western_colorado/report-takes-aim-at-colorado-river-water-managers-inaction/article_3ea41909-41e2-48c4-8c00-d8495d5a5804.html	15	5435	5529	5678	0	10	8335	-1.90476190476191		
1266895116	20251005111500	20251005111500	1	gjsentinel.com	https://www.gjsentinel.com/news/western_colorado/report-takes-aim-at-colorado-river-water-managers-inaction/article_3ea41909-41e2-48c4-8c00-d8495d5a5804.html	15	5435	5529	5678	0	20	8335	-1.90476190476191		
1266895117	20251005111500	20251005111500	1	independent.co.uk	https://www.independent.co.uk/news/world/americas/us-politics/noem-pritzker-bathroom-ice-illinois-b2839436.html	11	2429	2452	2443	0	80	3484	-4.76190476190476		
1266895118	20251005111500	20251005111500	1	sanmarcosrecord.com	https://www.sanmarcosrecord.com/article/31463,sma-hosts-photographer-michael-o-brien-names-wittliff-stem-scholars	6	1739	1765	1746	0	20	3431	4.46601941747573		
1266895119	20251005111500	20251005111500	1	sanmarcosrecord.com	https://www.sanmarcosrecord.com/article/31463,sma-hosts-photographer-michael-o-brien-names-wittliff-stem-scholars	6	1739	1765	1746	1	80	3431	4.46601941747573		
1266854951	20251005014500	20251005111500	1	kpcw.org	https://www.kpcw.org/npr-top-stories/2025-10-04/some-democrats-share-trumps-goal-of-forcing-more-homeless-people-into-medical-care	1	439	565	502	1	80	12215	-3.93258426966292		
1266854951	20251005014500	20251005111500	1	wpsu.org	https://radio.wpsu.org/2025-10-05/some-democrats-share-trumps-goal-of-forcing-more-homeless-people-into-medical-care	1	439	565	502	1	80	12215	-3.93258426966292		
1266854951	20251005014500	20251005111500	1	kunm.org	https://www.kunm.org/npr-news/2025-10-04/some-democrats-share-trumps-goal-of-forcing-more-homeless-people-into-medical-care	1	439	565	502	1	80	12215	-3.93258426966292		
1266854951	20251005014500	20251005111500	1	delawarepublic.org	https://www.delawarepublic.org/npr-headlines/2025-10-05/some-democrats-share-trumps-goal-of-forcing-more-homeless-people-into-medical-care	1	439	565	502	1	80	12215	-3.93258426966292		
1266854951	20251005014500	20251005111500	1	wbaa.org	https://www.wbaa.org/2025-10-05/some-democrats-share-trumps-goal-of-forcing-more-homeless-people-into-medical-care	1	439	565	502	1	80	12215	-3.93258426966292		
1266863088	20251005041500	20251005111500	1	delawarepublic.org	https://www.delawarepublic.org/npr-headlines/2025-10-05/some-democrats-share-trumps-goal-of-forcing-more-homeless-people-into-medical-care	1	439	589	527	0	20	12215	-3.93258426966292		
1266863088	20251005041500	20251005111500	1	kunm.org	https://www.kunm.org/npr-news/2025-10-04/some-democrats-share-trumps-goal-of-forcing-more-homeless-people-into-medical-care	1	439	589	527	0	20	12215	-3.93258426966292		
1266863088	20251005041500	20251005111500	1	kpcw.org	https://www.kpcw.org/npr-top-stories/2025-10-04/some-democrats-share-trumps-goal-of-forcing-more-homeless-people-into-medical-care	1	439	589	527	0	20	12215	-3.93258426966292		
1266863088	20251005041500	20251005111500	1	wpsu.org	https://radio.wpsu.org/2025-10-05/some-democrats-share-trumps-goal-of-forcing-more-homeless-people-into-medical-care	1	439	589	527	0	20	12215	-3.93258426966292		
1266863088	20251005041500	20251005111500	1	wbaa.org	https://www.wbaa.org/2025-10-05/some-democrats-share-trumps-goal-of-forcing-more-homeless-people-into-medical-care	1	439	589	527	0	20	12215	-3.93258426966292		
1266850471	20251005004500	20251005111500	1	wbaa.org	https://www.wbaa.org/2025-10-05/some-democrats-share-trumps-goal-of-forcing-more-homeless-people-into-medical-care	1	439	565	537	1	100	12215	-3.93258426966292		
1266850471	20251005004500	20251005111500	1	kpcw.org	https://www.kpcw.org/npr-top-stories/2025-10-04/some-democrats-share-trumps-goal-of-forcing-more-homeless-people-into-medical-care	1	439	565	537	1	100	12215	-3.93258426966292		
1266850471	20251005004500	20251005111500	1	wpsu.org	https://radio.wpsu.org/2025-10-05/some-democrats-share-trumps-goal-of-forcing-more-homeless-people-into-medical-care	1	439	565	537	1	100	12215	-3.93258426966292		
1266850471	20251005004500	20251005111500	1	kunm.org	https://www.kunm.org/npr-news/2025-10-04/some-democrats-share-trumps-goal-of-forcing-more-homeless-people-into-medical-care	1	439	565	537	1	100	12215	-3.93258426966292		
1266850471	20251005004500	20251005111500	1	delawarepublic.org	https://www.delawarepublic.org/npr-headlines/2025-10-05/some-democrats-share-trumps-goal-of-forcing-more-homeless-people-into-medical-care	1	439	565	537	1	100	12215	-3.93258426966292		
1266895120	20251005111500	20251005111500	1	coloradosun.com	https://coloradosun.com/2025/10/05/nicolais-colorado-trump-troops-deploy/	6	1550	1590	1582	1	100	5979	-4.68909276248725		
1266846394	20251005000000	20251005111500	1	pressenterpriseonline.com	https://www.pressenterpriseonline.com/apnews/trump-plans-to-federalize-300-troops-in-illinois-judge-blocks-similar-mobilization-in-oregon	7	1542	1601	1592	0	20	7364	-6.13656006914434		
1266860161	20251005031500	20251005111500	1	pressenterpriseonline.com	https://www.pressenterpriseonline.com/apnews/trump-plans-to-federalize-300-troops-in-illinois-judge-blocks-similar-mobilization-in-oregon	7	1542	1577	1572	1	80	7364	-6.13656006914434		
1266847742	20251005001500	20251005111500	1	pressenterpriseonline.com	https://www.pressenterpriseonline.com/apnews/trump-plans-to-federalize-300-troops-in-illinois-judge-blocks-similar-mobilization-in-oregon	9	1774	1892	1762	0	10	7364	-6.13656006914434		
1266847747	20251005001500	20251005111500	1	pressenterpriseonline.com	https://www.pressenterpriseonline.com/apnews/trump-plans-to-federalize-300-troops-in-illinois-judge-blocks-similar-mobilization-in-oregon	9	1846	1789	1751	0	10	7364	-6.13656006914434		
1266847750	20251005001500	20251005111500	1	pressenterpriseonline.com	https://www.pressenterpriseonline.com/apnews/trump-plans-to-federalize-300-troops-in-illinois-judge-blocks-similar-mobilization-in-oregon	9	1774	1789	1762	0	20	7364	-6.13656006914434		
1266895121	20251005111500	20251005111500	1	tvguide.co.uk	https://www.tvguide.co.uk/schedule/4e4034f6-00fa-5848-ac23-7e057065aa83/the-real-murders-of-atlanta	3	163	-1	195	1	50	545	-5.81395348837209		
1266895122	20251005111500	20251005111500	1	postandcourier.com	https://www.postandcourier.com/politics/sc-legislation-child-sex-crimes-lawmakers/article_5da4f674-9d72-4f03-8711-800ee57c5bb4.html	9	2032	-1	2055	0	20	6082	-9.91820040899792		
1266877242	20251005071500	20251005111500	1	redstateobserver.com	https://redstateobserver.com/article.asp?id=237247	1	213	-1	322	0	20	2553	-0.737100737100739		
1266895123	20251005111500	20251005111500	1	independent.co.uk	https://www.independent.co.uk/news/world/americas/us-politics/noem-pritzker-bathroom-ice-illinois-b2839436.html	15	3116	-1	3130	0	10	3484	-4.76190476190476		
1266863119	20251005041500	20251005111500	1	pressenterpriseonline.com	https://www.pressenterpriseonline.com/apnews/trump-plans-to-federalize-300-troops-in-illinois-judge-blocks-similar-mobilization-in-oregon	6	1370	-1	1440	0	10	7364	-6.13656006914434		
1266854170	20251005013000	20251005111500	1	pressenterpriseonline.com	https://www.pressenterpriseonline.com/apnews/trump-plans-to-federalize-300-troops-in-illinois-judge-blocks-similar-mobilization-in-oregon	6	1354	-1	1424	0	10	7364	-6.13656006914434		
1266895124	20251005111500	20251005111500	1	independent.co.uk	https://www.independent.co.uk/news/world/americas/us-politics/noem-pritzker-bathroom-ice-illinois-b2839436.html	15	3116	3184	3130	0	10	3484	-4.76190476190476		
1266887436	20251005094500	20251005111500	1	sanfordherald.com	https://www.sanfordherald.com/news/national/negotiators-due-in-cairo-for-gaza-ceasefire-hostage-release-talks/article_170fd171-949f-5fa6-81c3-2d81898f9d32.html	6	1025	1065	1056	1	30	4558	-5.37634408602151		
1266887436	20251005094500	20251005111500	1	hurriyetdailynews.com	https://www.hurriyetdailynews.com/hopes-rises-for-gaza-as-peace-talks-to-begin-in-egypt-214329	7	1018	1058	1049	1	40	2703	-2.16919739696312		
1266884919	20251005091500	20251005111500	1	sanfordherald.com	https://www.sanfordherald.com/news/national/negotiators-due-in-cairo-for-gaza-ceasefire-hostage-release-talks/article_170fd171-949f-5fa6-81c3-2d81898f9d32.html	6	1025	1065	1056	1	20	4558	-5.37634408602151		
1266846460	20251005000000	20251005111500	1	sanfordherald.com	https://www.sanfordherald.com/news/national/negotiators-due-in-cairo-for-gaza-ceasefire-hostage-release-talks/article_170fd171-949f-5fa6-81c3-2d81898f9d32.html	6	1025	1087	1076	0	10	4558	-5.37634408602151		
1266886033	20251005093000	20251005111500	1	indiatimes.com	https://economictimes.indiatimes.com/news/international/world-news/putin-says-tomahawk-supply-to-ukraine-would-destroy-u-s-relations/articleshow/124318673.cms	3	333	440	347	0	10	3085	-3.50194552529182		
1266865397	20251005044500	20251005111500	1	pressenterpriseonline.com	https://www.pressenterpriseonline.com/apnews/trump-plans-to-federalize-300-troops-in-illinois-judge-blocks-similar-mobilization-in-oregon	6	1354	1459	1424	0	10	7364	-6.13656006914434		
1266865398	20251005044500	20251005111500	1	pressenterpriseonline.com	https://www.pressenterpriseonline.com/apnews/trump-plans-to-federalize-300-troops-in-illinois-judge-blocks-similar-mobilization-in-oregon	6	1370	1475	1440	0	10	7364	-6.13656006914434		
1266895125	20251005111500	20251005111500	1	hindustantimes.com	https://www.hindustantimes.com/world-news/us-news/who-is-deborah-boardman-federal-judge-slammed-over-lenient-sentence-in-kavanaugh-assassination-plot-101759634301437.html	1	117	270	229	0	20	3073	-2.25409836065574		
1266895126	20251005111500	20251005111500	1	hindustantimes.com	https://www.hindustantimes.com/world-news/us-news/who-is-deborah-boardman-federal-judge-slammed-over-lenient-sentence-in-kavanaugh-assassination-plot-101759634301437.html	1	117	270	255	0	20	3073	-2.25409836065574		
1266892462	20251005104500	20251005111500	1	yakimaherald.com	https://www.yakimaherald.com/news/nation_and_world/world/typhoon-matmo-strengthens-prompting-china-to-evacuate-347-000-people-ahead-of-landfall/article_e397321f-2646-50d7-9bc9-7163bd81b44c.html	9	1826	1912	1926	0	10	1868	-5.96491228070176		
1266892463	20251005104500	20251005111500	1	yakimaherald.com	https://www.yakimaherald.com/news/nation_and_world/world/typhoon-matmo-strengthens-prompting-china-to-evacuate-347-000-people-ahead-of-landfall/article_e397321f-2646-50d7-9bc9-7163bd81b44c.html	9	1826	1872	1886	1	40	1868	-5.96491228070176		
1266847796	20251005001500	20251005111500	1	pressenterpriseonline.com	https://www.pressenterpriseonline.com/apnews/trump-plans-to-federalize-300-troops-in-illinois-judge-blocks-similar-mobilization-in-oregon	9	1774	1851	1762	1	60	7364	-6.13656006914434		
1266895127	20251005111500	20251005111500	1	pajhwok.com	https://pajhwok.com/2025/10/05/kyrgyzstan-sends-130-tonnes-aid-to-quake-hit-afghans/	4	534	573	522	0	30	1346	5.71428571428572		
1266895128	20251005111500	20251005111500	1	pajhwok.com	https://pajhwok.com/2025/10/05/kyrgyzstan-sends-130-tonnes-aid-to-quake-hit-afghans/	4	509	578	522	1	60	1346	5.71428571428572		
1266895129	20251005111500	20251005111500	1	pajhwok.com	https://pajhwok.com/2025/10/05/kyrgyzstan-sends-130-tonnes-aid-to-quake-hit-afghans/	4	509	578	563	1	60	1346	5.71428571428572		
1266895130	20251005111500	20251005111500	1	figo.org	https://www.figo.org/news/figo-2025-opens-cape-town-uniting-womens-health-and-freedom	3	566	-1	579	1	20	3406	6.55737704918033		
1266895131	20251005111500	20251005111500	1	figo.org	https://www.figo.org/news/figo-2025-opens-cape-town-uniting-womens-health-and-freedom	3	566	590	603	0	40	3406	6.55737704918033		
1266888731	20251005100000	20251005111500	1	thestatesman.com	https://www.thestatesman.com/world/9-years-of-uncertainty-baloch-activist-sammi-deen-demands-answers-for-shabirs-disappearance-1503495162.html	1	30	72	81	0	20	2009	-9.06148867313912		
1266888732	20251005100000	20251005111500	1	thestatesman.com	https://www.thestatesman.com/world/9-years-of-uncertainty-baloch-activist-sammi-deen-demands-answers-for-shabirs-disappearance-1503495162.html	1	30	-1	57	1	30	2009	-9.06148867313912		
1266895132	20251005111500	20251005111500	1	thestatesman.com	https://www.thestatesman.com/india/pm-modi-condoles-loss-of-lives-in-nepal-floods-assures-assistance-1503495192.html	7	1134	-1	1183	1	50	1698	-4.37956204379562		
1266895133	20251005111500	20251005111500	1	thestatesman.com	https://www.thestatesman.com/india/pm-modi-condoles-loss-of-lives-in-nepal-floods-assures-assistance-1503495192.html	7	1134	-1	1183	1	50	1698	-4.37956204379562		
1266895134	20251005111500	20251005111500	1	indiatimes.com	https://economictimes.indiatimes.com/news/politics-and-nation/uddhav-thackeray-and-raj-thackeray-cousins-meet-again-amid-alliance-buzz/articleshow/124319635.cms	2	120	98	129	1	100	2263	-1.34048257372655		
